339.308 	 16.1536
339.308 	 16.1536
339.308 	 16.1536
339.308 	 16.1536
339.308 	 16.1536
339.308 	 16.1536
339.308 	 16.1536
339.308 	 16.1536
339.308 	 16.1536
339.308 	 16.1536
339.308 	 16.1536
339.308 	 16.1536
339.308 	 16.1536
339.308 	 16.1536
339.308 	 16.1536
339.308 	 16.1536
339.308 	 16.1536
339.308 	 16.1536
339.308 	 16.1536
339.308 	 16.1536
339.308 	 16.1536
339.308 	 16.1536
339.308 	 16.1536
339.308 	 16.1536
339.308 	 16.1536
339.308 	 16.1536
339.308 	 16.1536
339.308 	 16.1536
339.308 	 16.1536
339.308 	 16.1536
339.308 	 16.1536
339.308 	 16.1536
339.308 	 16.1536
339.308 	 16.1536
339.308 	 16.1536
339.308 	 16.1536
339.308 	 16.1536
339.308 	 16.1536
339.308 	 16.1536
339.308 	 16.1536
339.308 	 16.1536
339.308 	 16.1536
339.308 	 16.1536
339.308 	 16.1536
339.308 	 16.1536
339.308 	 16.1536
339.308 	 16.1536
339.308 	 16.1536
339.308 	 16.1536
339.308 	 16.1536
339.308 	 16.1536
339.309 	 16.1536
339.312 	 16.1536
339.318 	 16.1536
339.326 	 16.1536
339.335 	 16.1536
339.348 	 16.1536
339.363 	 16.1536
339.381 	 16.1536
339.403 	 16.1536
339.429 	 16.1536
339.462 	 16.1536
339.496 	 16.1536
339.535 	 16.1536
339.579 	 16.1536
339.627 	 16.1536
339.68 	 16.1536
339.738 	 16.1536
339.8 	 16.1536
339.867 	 16.1536
339.939 	 16.1536
340.016 	 16.1536
340.099 	 16.1536
340.195 	 16.1536
340.289 	 16.1536
340.388 	 16.1536
340.491 	 16.1536
340.601 	 16.1536
340.716 	 16.1536
340.837 	 16.1535
340.963 	 16.1535
341.095 	 16.1535
341.233 	 16.1534
341.377 	 16.1534
341.526 	 16.1533
341.681 	 16.1533
341.842 	 16.1532
342.009 	 16.1531
342.182 	 16.153
342.36 	 16.153
342.544 	 16.1529
342.734 	 16.1529
342.93 	 16.1528
343.132 	 16.1528
343.339 	 16.1527
343.553 	 16.1526
343.771 	 16.1526
343.996 	 16.1525
344.25 	 16.1524
344.487 	 16.1524
344.73 	 16.1524
344.978 	 16.1523
345.232 	 16.1523
345.492 	 16.1523
345.757 	 16.1523
346.027 	 16.1523
346.304 	 16.1523
346.586 	 16.1523
346.873 	 16.1523
347.166 	 16.1523
347.465 	 16.1524
347.769 	 16.1524
348.078 	 16.1525
348.393 	 16.1525
348.714 	 16.1526
349.04 	 16.1526
349.371 	 16.1527
349.708 	 16.1528
350.05 	 16.1528
350.398 	 16.1529
350.751 	 16.153
351.109 	 16.1531
351.473 	 16.1532
351.842 	 16.1533
352.216 	 16.1534
352.596 	 16.1534
352.981 	 16.1535
353.371 	 16.1536
353.766 	 16.1537
354.166 	 16.1537
354.572 	 16.1538
354.982 	 16.1538
355.397 	 16.1539
355.817 	 16.1539
356.24 	 16.154
356.663 	 16.154
357.086 	 16.154
357.508 	 16.154
357.931 	 16.1541
358.354 	 16.1541
358.776 	 16.1541
359.198 	 16.1541
359.622 	 16.1541
360.049 	 16.1541
360.479 	 16.1541
360.912 	 16.1541
361.349 	 16.1541
361.789 	 16.1541
362.276 	 16.154
362.768 	 16.154
363.264 	 16.154
363.764 	 16.154
364.268 	 16.154
364.776 	 16.1539
365.289 	 16.1539
365.805 	 16.1539
366.326 	 16.1539
366.85 	 16.1539
367.379 	 16.1538
367.912 	 16.1538
368.449 	 16.1538
368.991 	 16.1538
369.536 	 16.1537
370.086 	 16.1537
370.64 	 16.1537
371.198 	 16.1537
371.76 	 16.1537
372.327 	 16.1537
372.898 	 16.1537
373.473 	 16.1537
374.052 	 16.1537
374.635 	 16.1537
375.223 	 16.1537
375.815 	 16.1537
376.411 	 16.1537
377.012 	 16.1537
377.617 	 16.1537
378.226 	 16.1537
378.84 	 16.1537
379.457 	 16.1537
380.079 	 16.1537
380.706 	 16.1537
381.337 	 16.1537
381.972 	 16.1537
382.611 	 16.1537
383.255 	 16.1537
383.903 	 16.1537
384.555 	 16.1537
385.212 	 16.1537
385.874 	 16.1537
386.539 	 16.1537
387.209 	 16.1537
387.883 	 16.1537
388.562 	 16.1537
389.245 	 16.1537
389.933 	 16.1537
390.624 	 16.1537
391.32 	 16.1537
392.02 	 16.1537
392.724 	 16.1537
393.433 	 16.1537
394.145 	 16.1537
394.862 	 16.1537
395.583 	 16.1537
396.307 	 16.1537
397.036 	 16.1537
397.768 	 16.1537
398.499 	 16.1537
399.23 	 16.1537
399.96 	 16.1537
400.691 	 16.1537
401.421 	 16.1537
402.15 	 16.1537
402.881 	 16.1537
403.615 	 16.1537
404.351 	 16.1537
405.09 	 16.1537
405.832 	 16.1537
406.578 	 16.1537
407.326 	 16.1537
408.076 	 16.1537
408.83 	 16.1537
409.587 	 16.1537
410.347 	 16.1537
411.109 	 16.1537
411.875 	 16.1537
412.643 	 16.1537
413.414 	 16.1537
414.188 	 16.1537
414.965 	 16.1537
415.745 	 16.1537
416.528 	 16.1537
417.314 	 16.1537
418.103 	 16.1537
418.895 	 16.1537
419.689 	 16.1537
420.487 	 16.1537
421.287 	 16.1537
422.091 	 16.1537
422.897 	 16.1537
423.706 	 16.1537
424.519 	 16.1537
425.334 	 16.1537
426.152 	 16.1537
426.973 	 16.1537
427.797 	 16.1537
428.624 	 16.1537
429.454 	 16.1537
430.286 	 16.1538
431.122 	 16.1538
431.961 	 16.1538
432.803 	 16.1538
433.647 	 16.1538
434.495 	 16.1538
435.345 	 16.1538
436.198 	 16.1538
437.055 	 16.1538
437.914 	 16.1538
438.776 	 16.1538
439.642 	 16.1538
440.51 	 16.1538
441.381 	 16.1538
442.255 	 16.1538
443.132 	 16.1538
444.012 	 16.1538
444.895 	 16.1538
445.781 	 16.1538
446.669 	 16.1538
447.561 	 16.1538
448.456 	 16.1538
449.354 	 16.1538
450.254 	 16.1538
451.158 	 16.1538
452.064 	 16.1538
452.974 	 16.1538
453.886 	 16.1538
454.802 	 16.1538
455.72 	 16.1538
456.642 	 16.1538
457.566 	 16.1538
458.493 	 16.1538
459.423 	 16.1538
460.356 	 16.1538
461.293 	 16.1538
462.232 	 16.1538
463.174 	 16.1538
464.119 	 16.1538
465.066 	 16.1538
466.017 	 16.1538
466.971 	 16.1538
467.927 	 16.1538
468.886 	 16.1539
469.848 	 16.1539
470.813 	 16.1539
471.781 	 16.1539
472.752 	 16.1539
473.725 	 16.1539
474.701 	 16.1539
475.68 	 16.1539
476.661 	 16.1539
477.646 	 16.1539
478.633 	 16.1539
479.621 	 16.1539
480.61 	 16.1539
481.597 	 16.1539
482.585 	 16.1539
483.571 	 16.1539
484.558 	 16.1539
485.543 	 16.1539
486.529 	 16.1539
487.518 	 16.1539
488.508 	 16.1539
489.5 	 16.1539
490.494 	 16.1539
491.49 	 16.1539
492.489 	 16.1539
493.489 	 16.1539
494.491 	 16.1539
495.496 	 16.1539
496.502 	 16.1539
497.51 	 16.1539
498.521 	 16.1539
499.533 	 16.1539
500.548 	 16.1539
501.564 	 16.1539
502.583 	 16.1539
503.603 	 16.1539
504.626 	 16.1539
505.65 	 16.1539
506.677 	 16.1539
507.706 	 16.1539
508.736 	 16.1539
509.769 	 16.1539
510.804 	 16.1539
511.84 	 16.1539
512.879 	 16.1539
513.92 	 16.1539
514.962 	 16.1539
516.007 	 16.1539
517.054 	 16.1539
518.103 	 16.1539
519.154 	 16.1539
520.207 	 16.1539
521.261 	 16.1539
522.318 	 16.1539
523.377 	 16.1539
524.438 	 16.1539
525.501 	 16.1539
526.566 	 16.1539
527.633 	 16.1539
528.702 	 16.1539
529.773 	 16.1539
530.845 	 16.1539
531.92 	 16.1539
532.997 	 16.1539
534.076 	 16.1539
535.157 	 16.1539
536.24 	 16.1539
537.325 	 16.1539
538.412 	 16.1539
539.501 	 16.1539
540.592 	 16.1539
541.685 	 16.1539
542.78 	 16.154
543.877 	 16.154
544.976 	 16.154
546.076 	 16.154
547.179 	 16.154
548.284 	 16.1541
549.391 	 16.1541
550.5 	 16.1541
551.611 	 16.1541
552.724 	 16.1541
553.839 	 16.1541
554.956 	 16.1541
556.074 	 16.1541
557.195 	 16.1541
558.318 	 16.1541
559.443 	 16.1541
560.569 	 16.1541
561.698 	 16.1541
562.829 	 16.1541
563.961 	 16.1541
565.096 	 16.1541
566.233 	 16.1541
567.371 	 16.1541
568.512 	 16.1541
569.655 	 16.1541
570.799 	 16.1541
571.946 	 16.1541
573.094 	 16.1541
574.245 	 16.1541
575.397 	 16.1541
576.551 	 16.1541
577.708 	 16.1541
578.866 	 16.1541
580.026 	 16.1541
581.189 	 16.1541
582.353 	 16.1541
583.519 	 16.1541
584.687 	 16.1541
585.857 	 16.1541
587.029 	 16.1541
588.203 	 16.1541
589.379 	 16.1541
590.557 	 16.1541
591.737 	 16.1541
592.919 	 16.1541
594.103 	 16.1541
595.288 	 16.1541
596.476 	 16.1541
597.666 	 16.1541
598.857 	 16.1541
600.051 	 16.1541
601.246 	 16.1541
602.444 	 16.1541
603.643 	 16.1542
604.844 	 16.1542
606.048 	 16.1542
607.253 	 16.1542
608.46 	 16.1542
609.555 	 16.1542
610.641 	 16.1542
611.716 	 16.1542
612.78 	 16.1542
613.836 	 16.1542
614.888 	 16.1542
615.931 	 16.1542
616.962 	 16.1542
617.986 	 16.1541
619.009 	 16.154
620.026 	 16.154
621.034 	 16.1539
622.031 	 16.1537
623.018 	 16.1536
623.996 	 16.1535
624.976 	 16.1534
625.954 	 16.1532
626.923 	 16.153
627.882 	 16.1529
628.831 	 16.1527
629.77 	 16.1525
630.699 	 16.1523
631.619 	 16.1522
632.541 	 16.1521
633.461 	 16.1519
634.372 	 16.1517
635.273 	 16.1516
636.166 	 16.1514
637.048 	 16.1513
637.921 	 16.1511
638.786 	 16.151
639.651 	 16.1509
640.512 	 16.1508
641.365 	 16.1507
642.21 	 16.1506
643.046 	 16.1505
643.872 	 16.1504
644.689 	 16.1504
645.499 	 16.1504
646.31 	 16.1503
647.121 	 16.1504
647.924 	 16.1504
648.718 	 16.1505
649.502 	 16.1506
650.278 	 16.1507
651.043 	 16.1509
651.803 	 16.151
652.564 	 16.1512
653.324 	 16.1513
654.076 	 16.1514
654.82 	 16.1515
655.554 	 16.1515
656.28 	 16.1516
656.997 	 16.1516
657.705 	 16.1517
658.406 	 16.1518
659.11 	 16.1518
659.813 	 16.1518
660.508 	 16.1518
661.195 	 16.1518
661.874 	 16.1518
662.544 	 16.1517
663.205 	 16.1517
663.858 	 16.1517
664.504 	 16.1517
665.151 	 16.1516
665.794 	 16.1516
666.43 	 16.1516
667.059 	 16.1515
667.68 	 16.1514
668.293 	 16.1514
668.898 	 16.1513
669.499 	 16.1513
670.102 	 16.1513
670.707 	 16.1513
671.308 	 16.1513
671.9 	 16.1513
672.482 	 16.1513
673.056 	 16.1513
673.622 	 16.1514
674.18 	 16.1516
674.729 	 16.1517
675.274 	 16.1518
675.821 	 16.152
676.369 	 16.152
676.912 	 16.152
677.451 	 16.152
677.981 	 16.1519
678.501 	 16.1518
679.013 	 16.1518
679.518 	 16.1518
680.015 	 16.1518
680.504 	 16.1518
680.985 	 16.1518
681.462 	 16.1518
681.942 	 16.1518
682.423 	 16.1517
682.901 	 16.1517
683.374 	 16.1515
683.839 	 16.1514
684.294 	 16.1512
684.742 	 16.1512
685.182 	 16.1511
685.615 	 16.1511
686.041 	 16.151
686.46 	 16.151
686.876 	 16.1526
687.291 	 16.1582
687.708 	 16.1663
688.127 	 16.1753
688.546 	 16.1873
688.964 	 16.2048
689.383 	 16.2266
689.801 	 16.2517
690.219 	 16.2799
690.637 	 16.3107
691.054 	 16.3456
691.471 	 16.3863
691.887 	 16.4314
692.303 	 16.4802
692.719 	 16.5336
693.133 	 16.5915
693.547 	 16.6548
693.96 	 16.7234
694.373 	 16.7965
694.784 	 16.8739
695.195 	 16.9563
695.604 	 17.0428
696.013 	 17.1349
696.42 	 17.2322
696.826 	 17.3344
697.231 	 17.4418
697.635 	 17.5539
698.037 	 17.6707
698.437 	 17.7923
698.836 	 17.9196
699.233 	 18.0523
699.628 	 18.1892
700.022 	 18.3305
700.415 	 18.4763
700.805 	 18.6265
701.194 	 18.782
701.58 	 18.9423
701.965 	 19.1071
702.347 	 19.2764
702.728 	 19.4502
703.106 	 19.6286
703.482 	 19.8118
703.855 	 20.0004
704.227 	 20.1932
704.596 	 20.3899
704.963 	 20.591
705.328 	 20.7963
705.69 	 21.006
706.049 	 21.2204
706.406 	 21.4391
706.76 	 21.6619
707.111 	 21.8888
707.46 	 22.1198
707.806 	 22.3552
708.148 	 22.5953
708.489 	 22.839
708.826 	 23.0868
709.161 	 23.3377
709.492 	 23.5931
709.821 	 23.8522
710.146 	 24.115
710.468 	 24.3819
710.788 	 24.6523
711.104 	 24.9264
711.417 	 25.204
711.726 	 25.4854
712.032 	 25.7707
712.335 	 26.0592
712.635 	 26.3511
712.932 	 26.646
713.225 	 26.9446
713.515 	 27.2462
713.801 	 27.5512
714.084 	 27.8594
714.364 	 28.1707
714.64 	 28.4852
714.912 	 28.8026
715.181 	 29.1232
715.446 	 29.4469
715.708 	 29.7733
715.966 	 30.1025
716.221 	 30.4346
716.472 	 30.7694
716.719 	 31.1069
716.963 	 31.4472
717.203 	 31.7901
717.438 	 32.1356
717.671 	 32.4837
717.899 	 32.8341
718.123 	 33.1873
718.344 	 33.5427
718.561 	 33.9006
718.774 	 34.2607
718.983 	 34.6231
719.189 	 34.9877
719.39 	 35.3545
719.587 	 35.7236
719.78 	 36.0948
719.969 	 36.468
720.154 	 36.8432
720.335 	 37.2205
720.512 	 37.5997
720.685 	 37.9808
720.854 	 38.3637
721.018 	 38.7484
721.178 	 39.1349
721.334 	 39.5231
721.486 	 39.913
721.634 	 40.3045
721.777 	 40.6976
721.916 	 41.0922
722.051 	 41.4883
722.182 	 41.8858
722.308 	 42.2847
722.429 	 42.6849
722.547 	 43.0865
722.66 	 43.4893
722.768 	 43.8934
722.873 	 44.2986
722.972 	 44.7049
723.068 	 45.1123
723.158 	 45.5207
723.245 	 45.9301
723.328 	 46.3403
723.405 	 46.7514
723.478 	 47.1634
723.546 	 47.5761
723.61 	 47.9896
723.669 	 48.4038
723.724 	 48.8186
723.774 	 49.2339
723.82 	 49.6498
723.861 	 50.0662
723.898 	 50.483
723.93 	 50.9002
723.958 	 51.3177
723.981 	 51.7354
723.999 	 52.1534
724.013 	 52.5715
724.021 	 52.9898
724.026 	 53.4082
724.025 	 53.8266
724.021 	 54.246
724.016 	 54.6686
724.009 	 55.0944
724.001 	 55.5235
723.989 	 55.9556
723.975 	 56.3908
723.96 	 56.8291
723.942 	 57.2706
723.922 	 57.7151
723.901 	 58.1625
723.878 	 58.6132
723.853 	 59.0672
723.828 	 59.5244
723.8 	 59.9848
723.772 	 60.4485
723.742 	 60.9153
723.711 	 61.3854
723.679 	 61.8588
723.646 	 62.3353
723.612 	 62.8152
723.577 	 63.2983
723.541 	 63.7846
723.505 	 64.2743
723.467 	 64.7672
723.429 	 65.2634
723.39 	 65.763
723.35 	 66.2658
723.31 	 66.772
723.269 	 67.2815
723.227 	 67.7943
723.184 	 68.3104
723.141 	 68.8298
723.097 	 69.3526
723.052 	 69.8786
723.006 	 70.4081
722.959 	 70.9408
722.912 	 71.477
722.863 	 72.0164
722.814 	 72.5592
722.763 	 73.1053
722.711 	 73.6547
722.658 	 74.2075
722.604 	 74.7637
722.549 	 75.3231
722.492 	 75.8859
722.434 	 76.452
722.374 	 77.0213
722.313 	 77.594
722.25 	 78.1699
722.186 	 78.7492
722.12 	 79.3317
722.052 	 79.9175
721.982 	 80.5065
721.91 	 81.0989
721.837 	 81.6944
721.761 	 82.2932
721.683 	 82.8953
721.603 	 83.5006
721.521 	 84.1091
721.436 	 84.7207
721.349 	 85.3355
721.259 	 85.9533
721.167 	 86.5742
721.073 	 87.1982
720.976 	 87.8251
720.876 	 88.4549
720.774 	 89.0877
720.668 	 89.7232
720.561 	 90.3617
720.45 	 91.0029
720.336 	 91.6468
720.219 	 92.2934
720.1 	 92.9428
719.977 	 93.5937
719.852 	 94.2438
719.725 	 94.893
719.595 	 95.5413
719.462 	 96.1887
719.327 	 96.8353
719.19 	 97.4809
719.05 	 98.1256
718.908 	 98.7702
718.763 	 99.4165
718.615 	 100.064
718.464 	 100.714
718.31 	 101.365
718.154 	 102.018
717.994 	 102.672
717.832 	 103.328
717.666 	 103.986
717.498 	 104.645
717.327 	 105.305
717.153 	 105.968
716.976 	 106.631
716.796 	 107.297
716.613 	 107.963
716.427 	 108.632
716.239 	 109.301
716.047 	 109.973
715.853 	 110.646
715.655 	 111.32
715.454 	 111.995
715.251 	 112.672
715.044 	 113.351
714.834 	 114.031
714.621 	 114.712
714.405 	 115.395
714.186 	 116.079
713.964 	 116.764
713.738 	 117.451
713.509 	 118.138
713.277 	 118.828
713.042 	 119.518
712.803 	 120.21
712.562 	 120.903
712.316 	 121.597
712.068 	 122.292
711.816 	 122.989
711.561 	 123.686
711.302 	 124.385
711.039 	 125.085
710.774 	 125.786
710.505 	 126.488
710.232 	 127.191
709.956 	 127.895
709.676 	 128.6
709.393 	 129.306
709.106 	 130.013
708.815 	 130.721
708.521 	 131.43
708.223 	 132.14
707.921 	 132.851
707.616 	 133.562
707.307 	 134.275
706.994 	 134.988
706.678 	 135.702
706.357 	 136.416
706.033 	 137.132
705.705 	 137.848
705.373 	 138.565
705.038 	 139.282
704.698 	 140.001
704.354 	 140.719
704.007 	 141.439
703.656 	 142.159
703.3 	 142.879
702.941 	 143.6
702.578 	 144.322
702.21 	 145.044
701.839 	 145.766
701.463 	 146.489
701.084 	 147.212
700.661 	 148.008
700.234 	 148.804
699.802 	 149.601
699.365 	 150.398
698.923 	 151.195
698.475 	 151.993
698.023 	 152.791
697.565 	 153.589
697.103 	 154.387
696.635 	 155.185
696.162 	 155.984
695.684 	 156.782
695.2 	 157.581
694.712 	 158.379
694.218 	 159.177
693.719 	 159.975
693.214 	 160.773
692.704 	 161.571
692.189 	 162.368
691.669 	 163.166
691.143 	 163.962
690.612 	 164.758
690.076 	 165.554
689.534 	 166.349
688.987 	 167.144
688.434 	 167.937
687.876 	 168.731
687.313 	 169.523
686.744 	 170.314
686.17 	 171.105
685.591 	 171.895
685.005 	 172.684
684.415 	 173.471
683.819 	 174.258
683.218 	 175.043
682.613 	 175.824
682.005 	 176.601
681.393 	 177.374
680.778 	 178.143
680.159 	 178.909
679.536 	 179.671
678.91 	 180.429
678.278 	 181.186
677.641 	 181.94
677 	 182.693
676.353 	 183.443
675.701 	 184.192
675.044 	 184.938
674.382 	 185.683
673.715 	 186.425
673.044 	 187.165
672.368 	 187.903
671.686 	 188.64
671 	 189.374
670.309 	 190.106
669.614 	 190.835
668.913 	 191.562
668.207 	 192.288
667.497 	 193.01
666.782 	 193.731
666.062 	 194.449
665.337 	 195.164
664.607 	 195.877
663.872 	 196.587
663.132 	 197.295
662.387 	 198
661.638 	 198.703
660.883 	 199.402
660.124 	 200.099
659.359 	 200.793
658.59 	 201.484
657.816 	 202.172
657.037 	 202.857
656.253 	 203.539
655.464 	 204.218
654.671 	 204.893
653.873 	 205.564
653.072 	 206.231
652.266 	 206.895
651.456 	 207.554
650.643 	 208.209
649.826 	 208.859
649.005 	 209.505
648.18 	 210.147
647.352 	 210.784
646.52 	 211.417
645.685 	 212.045
644.846 	 212.668
644.004 	 213.287
643.158 	 213.901
642.309 	 214.511
641.457 	 215.116
640.601 	 215.716
639.742 	 216.312
638.88 	 216.903
638.014 	 217.489
637.146 	 218.071
636.274 	 218.647
635.399 	 219.219
634.521 	 219.787
633.64 	 220.349
632.756 	 220.907
631.869 	 221.46
630.979 	 222.009
630.086 	 222.552
629.19 	 223.091
628.291 	 223.625
627.39 	 224.154
626.486 	 224.678
625.578 	 225.198
624.668 	 225.712
623.756 	 226.222
622.841 	 226.727
621.922 	 227.227
621.002 	 227.722
620.078 	 228.213
619.153 	 228.698
618.224 	 229.178
617.293 	 229.654
616.359 	 230.124
615.423 	 230.59
614.485 	 231.05
613.544 	 231.506
612.6 	 231.956
611.655 	 232.402
610.706 	 232.842
609.756 	 233.277
608.803 	 233.707
607.848 	 234.132
606.891 	 234.552
605.931 	 234.967
604.969 	 235.377
604.005 	 235.781
603.039 	 236.181
602.071 	 236.575
601.1 	 236.964
600.128 	 237.347
599.153 	 237.726
598.177 	 238.099
597.198 	 238.467
596.218 	 238.83
595.235 	 239.187
594.251 	 239.539
593.265 	 239.886
592.277 	 240.227
591.287 	 240.563
590.295 	 240.894
589.301 	 241.22
588.306 	 241.54
587.309 	 241.855
586.311 	 242.164
585.31 	 242.468
584.308 	 242.767
583.305 	 243.06
582.3 	 243.348
581.293 	 243.63
580.285 	 243.907
579.275 	 244.178
578.264 	 244.444
577.252 	 244.705
576.238 	 244.96
575.223 	 245.21
574.206 	 245.454
573.188 	 245.693
572.169 	 245.926
571.149 	 246.154
570.127 	 246.376
569.104 	 246.593
568.08 	 246.804
567.055 	 247.01
566.029 	 247.21
565.002 	 247.405
563.974 	 247.594
562.944 	 247.777
561.914 	 247.956
560.883 	 248.128
559.851 	 248.295
558.818 	 248.456
557.784 	 248.613
556.749 	 248.763
555.714 	 248.908
554.677 	 249.047
553.64 	 249.181
552.603 	 249.309
551.564 	 249.431
550.525 	 249.548
549.485 	 249.659
548.445 	 249.765
547.405 	 249.865
546.363 	 249.96
545.321 	 250.049
544.279 	 250.132
543.236 	 250.21
542.193 	 250.282
541.15 	 250.349
540.106 	 250.41
539.062 	 250.465
538.017 	 250.515
536.973 	 250.559
535.928 	 250.598
534.882 	 250.631
533.837 	 250.658
532.792 	 250.68
531.746 	 250.696
530.701 	 250.706
529.656 	 250.71
528.611 	 250.705
527.566 	 250.694
526.521 	 250.679
525.476 	 250.659
524.43 	 250.633
523.386 	 250.601
522.341 	 250.563
521.296 	 250.52
520.252 	 250.472
519.207 	 250.419
518.163 	 250.36
517.119 	 250.297
516.076 	 250.228
515.033 	 250.153
513.99 	 250.074
512.948 	 249.989
511.906 	 249.899
510.864 	 249.804
509.823 	 249.703
508.783 	 249.597
507.743 	 249.486
506.704 	 249.368
505.665 	 249.246
504.627 	 249.118
503.59 	 248.984
502.553 	 248.845
501.518 	 248.701
500.483 	 248.551
499.448 	 248.395
498.415 	 248.234
497.383 	 248.067
496.351 	 247.895
495.321 	 247.717
494.291 	 247.533
493.262 	 247.344
492.235 	 247.149
491.208 	 246.948
490.183 	 246.742
489.159 	 246.53
488.136 	 246.313
487.114 	 246.09
486.094 	 245.861
485.074 	 245.627
484.056 	 245.387
483.04 	 245.141
482.024 	 244.89
481.011 	 244.634
479.998 	 244.371
478.987 	 244.104
477.977 	 243.83
476.969 	 243.552
475.963 	 243.267
474.958 	 242.977
473.954 	 242.682
472.953 	 242.381
471.952 	 242.075
470.954 	 241.763
469.957 	 241.446
468.962 	 241.124
467.969 	 240.796
466.977 	 240.463
465.988 	 240.125
465 	 239.781
464.014 	 239.432
463.03 	 239.077
462.047 	 238.718
461.067 	 238.353
460.089 	 237.983
459.112 	 237.607
458.138 	 237.227
457.165 	 236.841
456.195 	 236.45
455.227 	 236.054
454.261 	 235.653
453.297 	 235.246
452.335 	 234.835
451.376 	 234.418
450.418 	 233.996
449.463 	 233.569
448.511 	 233.137
447.56 	 232.699
446.612 	 232.257
445.666 	 231.81
444.723 	 231.358
443.783 	 230.9
442.844 	 230.438
441.908 	 229.97
440.975 	 229.498
440.044 	 229.02
439.116 	 228.537
438.19 	 228.05
437.267 	 227.557
436.347 	 227.06
435.429 	 226.557
434.514 	 226.05
433.602 	 225.538
432.692 	 225.02
431.784 	 224.5
430.877 	 223.977
429.971 	 223.449
429.065 	 222.916
428.159 	 222.381
427.252 	 221.842
426.343 	 221.302
425.434 	 220.76
424.523 	 220.216
423.612 	 219.668
422.699 	 219.119
421.785 	 218.567
420.87 	 218.015
419.953 	 217.461
419.034 	 216.906
418.113 	 216.349
417.191 	 215.792
416.266 	 215.233
415.339 	 214.675
414.41 	 214.116
413.478 	 213.556
412.545 	 212.996
411.608 	 212.436
410.669 	 211.876
409.728 	 211.316
408.784 	 210.755
407.838 	 210.195
406.888 	 209.636
405.936 	 209.076
404.981 	 208.516
404.025 	 207.956
403.065 	 207.397
402.102 	 206.838
401.137 	 206.278
400.169 	 205.718
399.199 	 205.159
398.226 	 204.599
397.251 	 204.039
396.273 	 203.479
395.293 	 202.918
394.311 	 202.356
393.326 	 201.794
392.339 	 201.231
391.35 	 200.668
390.358 	 200.103
389.365 	 199.538
388.369 	 198.971
387.371 	 198.404
386.372 	 197.835
385.37 	 197.265
384.367 	 196.693
383.361 	 196.12
382.354 	 195.546
381.344 	 194.97
380.333 	 194.393
379.32 	 193.814
378.306 	 193.233
377.289 	 192.651
376.271 	 192.067
375.251 	 191.482
374.229 	 190.895
373.205 	 190.306
372.179 	 189.716
371.152 	 189.124
370.122 	 188.531
369.091 	 187.936
368.058 	 187.339
367.023 	 186.741
365.986 	 186.141
364.947 	 185.54
363.907 	 184.937
362.864 	 184.333
361.819 	 183.728
360.773 	 183.121
359.724 	 182.514
358.674 	 181.904
357.621 	 181.294
356.566 	 180.682
355.51 	 180.069
354.451 	 179.455
353.39 	 178.84
352.328 	 178.224
351.263 	 177.607
350.196 	 176.988
349.127 	 176.369
348.056 	 175.748
346.983 	 175.127
345.908 	 174.505
344.831 	 173.881
343.752 	 173.257
342.67 	 172.632
341.587 	 172.005
340.502 	 171.378
339.414 	 170.751
338.325 	 170.122
337.236 	 169.494
336.148 	 168.866
335.059 	 168.239
333.971 	 167.612
332.883 	 166.985
331.795 	 166.359
330.707 	 165.732
329.617 	 165.105
328.526 	 164.477
327.433 	 163.848
326.339 	 163.218
325.243 	 162.587
324.146 	 161.955
323.047 	 161.323
321.947 	 160.689
320.849 	 160.057
319.762 	 159.431
318.688 	 158.812
317.626 	 158.2
316.576 	 157.595
315.533 	 156.994
314.488 	 156.392
313.447 	 155.791
312.416 	 155.197
311.397 	 154.609
310.39 	 154.028
309.393 	 153.453
308.408 	 152.884
307.433 	 152.322
306.47 	 151.765
305.513 	 151.213
304.554 	 150.659
303.598 	 150.107
302.652 	 149.561
301.717 	 149.02
300.792 	 148.486
299.878 	 147.958
298.974 	 147.436
298.081 	 146.92
297.193 	 146.407
296.305 	 145.893
295.416 	 145.381
294.528 	 144.874
293.642 	 144.371
292.756 	 143.872
291.869 	 143.375
290.98 	 142.883
290.088 	 142.395
289.195 	 141.912
288.299 	 141.433
287.401 	 140.96
286.501 	 140.492
285.598 	 140.029
284.692 	 139.573
283.785 	 139.122
282.874 	 138.678
281.961 	 138.239
281.046 	 137.807
280.126 	 137.381
279.204 	 136.961
278.279 	 136.547
277.351 	 136.14
276.42 	 135.738
275.487 	 135.344
274.551 	 134.955
273.612 	 134.572
272.671 	 134.196
271.727 	 133.825
270.781 	 133.461
269.833 	 133.103
268.883 	 132.751
267.93 	 132.404
266.975 	 132.064
266.018 	 131.73
265.059 	 131.402
264.098 	 131.079
263.136 	 130.762
262.171 	 130.451
261.205 	 130.146
260.237 	 129.846
259.267 	 129.551
258.296 	 129.262
257.323 	 128.978
256.349 	 128.7
255.373 	 128.427
254.396 	 128.159
253.418 	 127.895
252.438 	 127.636
251.458 	 127.381
250.476 	 127.132
249.493 	 126.887
248.508 	 126.646
247.523 	 126.411
246.536 	 126.18
245.549 	 125.954
244.56 	 125.734
243.57 	 125.518
242.579 	 125.309
241.587 	 125.104
240.593 	 124.904
239.599 	 124.711
238.604 	 124.523
237.61 	 124.34
236.627 	 124.163
235.654 	 123.991
234.69 	 123.826
233.724 	 123.667
232.761 	 123.515
231.807 	 123.368
230.863 	 123.227
229.929 	 123.091
229.004 	 122.962
228.091 	 122.838
227.184 	 122.721
226.28 	 122.612
225.385 	 122.508
224.5 	 122.409
223.623 	 122.317
222.745 	 122.233
221.869 	 122.156
221.001 	 122.083
220.145 	 122.016
219.299 	 121.954
218.464 	 121.897
217.64 	 121.845
216.826 	 121.798
216.024 	 121.755
215.233 	 121.718
214.451 	 121.685
213.681 	 121.657
212.921 	 121.633
212.17 	 121.615
211.43 	 121.604
210.701 	 121.596
209.982 	 121.591
209.271 	 121.59
208.563 	 121.595
207.855 	 121.605
207.148 	 121.62
206.44 	 121.639
205.734 	 121.661
205.027 	 121.686
204.32 	 121.714
203.608 	 121.745
202.893 	 121.779
202.174 	 121.815
201.451 	 121.855
200.724 	 121.897
199.994 	 121.943
199.266 	 121.993
198.537 	 122.046
197.81 	 122.103
197.083 	 122.163
196.356 	 122.228
195.631 	 122.296
194.905 	 122.369
194.177 	 122.446
193.447 	 122.527
192.714 	 122.614
191.979 	 122.705
191.242 	 122.802
190.503 	 122.904
189.762 	 123.011
189.02 	 123.124
188.278 	 123.243
187.537 	 123.367
186.795 	 123.496
186.055 	 123.631
185.316 	 123.772
184.578 	 123.919
183.841 	 124.072
183.105 	 124.23
182.37 	 124.395
181.637 	 124.565
180.906 	 124.741
180.176 	 124.924
179.447 	 125.112
178.72 	 125.307
177.994 	 125.507
177.271 	 125.714
176.549 	 125.926
175.829 	 126.145
175.11 	 126.37
174.394 	 126.6
173.679 	 126.837
172.967 	 127.079
172.256 	 127.328
171.548 	 127.582
170.842 	 127.842
170.138 	 128.107
169.436 	 128.379
168.736 	 128.656
168.038 	 128.938
167.343 	 129.227
166.65 	 129.52
165.959 	 129.82
165.271 	 130.124
164.585 	 130.434
163.902 	 130.749
163.221 	 131.07
162.542 	 131.396
161.866 	 131.727
161.193 	 132.063
160.522 	 132.404
159.853 	 132.75
159.187 	 133.101
158.524 	 133.458
157.864 	 133.819
157.206 	 134.185
156.551 	 134.555
155.899 	 134.931
155.249 	 135.312
154.602 	 135.697
153.958 	 136.087
153.317 	 136.481
152.679 	 136.88
152.044 	 137.284
151.412 	 137.693
150.782 	 138.106
150.156 	 138.524
149.533 	 138.946
148.913 	 139.373
148.296 	 139.804
147.682 	 140.24
147.071 	 140.68
146.464 	 141.125
145.86 	 141.574
145.259 	 142.027
144.661 	 142.485
144.067 	 142.947
143.477 	 143.414
142.889 	 143.885
142.306 	 144.36
141.725 	 144.84
141.149 	 145.324
140.576 	 145.812
140.006 	 146.304
139.441 	 146.801
138.879 	 147.302
138.32 	 147.807
137.766 	 148.316
137.215 	 148.829
136.669 	 149.346
136.126 	 149.868
135.587 	 150.393
135.052 	 150.923
134.521 	 151.456
133.994 	 151.994
133.471 	 152.535
132.952 	 153.081
132.437 	 153.63
131.927 	 154.183
131.42 	 154.74
130.918 	 155.301
130.42 	 155.865
129.927 	 156.434
129.437 	 157.005
128.952 	 157.581
128.472 	 158.16
127.996 	 158.743
127.524 	 159.33
127.056 	 159.92
126.593 	 160.513
126.135 	 161.11
125.681 	 161.711
125.232 	 162.315
124.787 	 162.922
124.347 	 163.533
123.911 	 164.146
123.48 	 164.763
123.054 	 165.384
122.632 	 166.007
122.215 	 166.634
121.803 	 167.264
121.396 	 167.897
120.993 	 168.533
120.595 	 169.172
120.202 	 169.814
119.814 	 170.459
119.43 	 171.106
119.052 	 171.757
118.678 	 172.41
118.31 	 173.067
117.946 	 173.726
117.587 	 174.387
117.233 	 175.052
116.884 	 175.719
116.54 	 176.388
116.202 	 177.06
115.868 	 177.735
115.539 	 178.412
115.215 	 179.092
114.897 	 179.774
114.583 	 180.458
114.275 	 181.145
113.972 	 181.834
113.674 	 182.525
113.381 	 183.219
113.093 	 183.914
112.811 	 184.612
112.534 	 185.312
112.262 	 186.014
111.995 	 186.717
111.734 	 187.423
111.478 	 188.131
111.227 	 188.841
110.981 	 189.552
110.741 	 190.266
110.507 	 190.981
110.277 	 191.698
110.053 	 192.416
109.835 	 193.137
109.621 	 193.859
109.413 	 194.582
109.211 	 195.307
109.014 	 196.034
108.823 	 196.762
108.636 	 197.491
108.456 	 198.222
108.281 	 198.954
108.111 	 199.687
107.947 	 200.422
107.789 	 201.158
107.635 	 201.895
107.488 	 202.633
107.346 	 203.372
107.209 	 204.112
107.078 	 204.853
106.953 	 205.596
106.833 	 206.339
106.729 	 207.015
106.63 	 207.692
106.535 	 208.37
106.445 	 209.048
106.359 	 209.725
106.277 	 210.394
106.2 	 211.054
106.127 	 211.71
106.059 	 212.364
105.995 	 213.011
105.935 	 213.651
105.88 	 214.282
105.828 	 214.906
105.781 	 215.523
105.737 	 216.132
105.698 	 216.733
105.664 	 217.327
105.633 	 217.913
105.606 	 218.491
105.583 	 219.062
105.564 	 219.624
105.548 	 220.179
105.536 	 220.726
105.526 	 221.266
105.521 	 221.797
105.518 	 222.321
105.519 	 222.84
105.522 	 223.36
105.529 	 223.883
105.541 	 224.406
105.557 	 224.933
105.577 	 225.463
105.601 	 225.996
105.627 	 226.533
105.655 	 227.073
105.687 	 227.613
105.722 	 228.144
105.759 	 228.668
105.798 	 229.183
105.84 	 229.69
105.883 	 230.189
105.929 	 230.681
105.978 	 231.164
106.028 	 231.64
106.082 	 232.108
106.138 	 232.568
106.196 	 233.021
106.258 	 233.466
106.322 	 233.904
106.389 	 234.334
106.46 	 234.758
106.537 	 235.181
106.621 	 235.603
106.711 	 236.026
106.808 	 236.449
106.912 	 236.871
107.024 	 237.291
107.142 	 237.709
107.267 	 238.124
107.399 	 238.537
107.536 	 238.948
107.678 	 239.357
107.825 	 239.765
107.978 	 240.171
108.135 	 240.575
108.296 	 240.978
108.462 	 241.378
108.632 	 241.778
108.806 	 242.175
108.984 	 242.57
109.166 	 242.964
109.353 	 243.356
109.544 	 243.745
109.739 	 244.133
109.937 	 244.519
110.14 	 244.902
110.347 	 245.283
110.558 	 245.663
110.773 	 246.039
110.992 	 246.414
111.215 	 246.786
111.441 	 247.156
111.672 	 247.523
111.907 	 247.888
112.145 	 248.251
112.387 	 248.611
112.632 	 248.969
112.882 	 249.324
113.134 	 249.676
113.391 	 250.026
113.651 	 250.373
113.915 	 250.717
114.183 	 251.059
114.453 	 251.397
114.728 	 251.733
115.006 	 252.066
115.287 	 252.397
115.571 	 252.724
115.859 	 253.048
116.151 	 253.37
116.445 	 253.688
116.743 	 254.003
117.045 	 254.315
117.349 	 254.624
117.657 	 254.93
117.968 	 255.232
118.282 	 255.531
118.599 	 255.827
118.919 	 256.12
119.242 	 256.409
119.568 	 256.695
119.897 	 256.977
120.229 	 257.256
120.564 	 257.531
120.902 	 257.803
121.243 	 258.072
121.586 	 258.336
121.933 	 258.597
122.281 	 258.855
122.633 	 259.109
122.987 	 259.359
123.343 	 259.606
123.702 	 259.849
124.064 	 260.089
124.428 	 260.324
124.795 	 260.556
125.163 	 260.784
125.535 	 261.008
125.908 	 261.228
126.284 	 261.445
126.662 	 261.657
127.042 	 261.866
127.424 	 262.07
127.809 	 262.27
128.196 	 262.467
128.584 	 262.659
128.975 	 262.846
129.368 	 263.03
129.763 	 263.209
130.159 	 263.385
130.558 	 263.556
130.958 	 263.722
131.36 	 263.884
131.764 	 264.042
132.17 	 264.195
132.577 	 264.344
132.986 	 264.488
133.396 	 264.628
133.808 	 264.763
134.222 	 264.894
134.636 	 265.02
135.053 	 265.142
135.47 	 265.259
135.889 	 265.371
136.309 	 265.478
136.731 	 265.581
137.153 	 265.679
137.576 	 265.772
138.001 	 265.861
138.426 	 265.945
138.852 	 266.025
139.279 	 266.099
139.707 	 266.169
140.136 	 266.234
140.565 	 266.294
140.995 	 266.35
141.426 	 266.401
141.857 	 266.447
142.289 	 266.489
142.721 	 266.526
143.153 	 266.558
143.586 	 266.586
144.019 	 266.608
144.452 	 266.627
144.886 	 266.64
145.319 	 266.649
145.753 	 266.653
146.186 	 266.652
146.621 	 266.648
147.059 	 266.641
147.5 	 266.633
147.945 	 266.623
148.393 	 266.611
148.844 	 266.597
149.299 	 266.581
149.757 	 266.563
150.218 	 266.544
150.682 	 266.524
151.15 	 266.503
151.621 	 266.481
152.095 	 266.458
152.573 	 266.436
153.054 	 266.412
153.539 	 266.389
154.027 	 266.366
154.518 	 266.342
155.013 	 266.319
155.511 	 266.297
156.013 	 266.274
156.518 	 266.252
157.027 	 266.231
157.539 	 266.21
158.054 	 266.19
158.574 	 266.171
159.096 	 266.152
159.622 	 266.134
160.152 	 266.118
160.684 	 266.102
161.221 	 266.087
161.761 	 266.073
162.304 	 266.06
162.851 	 266.048
163.402 	 266.037
163.956 	 266.027
164.514 	 266.018
165.075 	 266.01
165.639 	 266.003
166.207 	 265.997
166.779 	 265.991
167.354 	 265.987
167.933 	 265.983
168.515 	 265.98
169.101 	 265.978
169.69 	 265.977
170.283 	 265.976
170.879 	 265.976
171.479 	 265.977
172.082 	 265.978
172.689 	 265.979
173.3 	 265.981
173.914 	 265.984
174.531 	 265.986
175.152 	 265.99
175.777 	 265.993
176.405 	 265.997
177.036 	 266
177.671 	 266.004
178.31 	 266.009
178.951 	 266.013
179.597 	 266.017
180.245 	 266.021
180.897 	 266.026
181.552 	 266.03
182.21 	 266.034
182.871 	 266.038
183.535 	 266.042
184.198 	 266.046
184.861 	 266.049
185.524 	 266.053
186.186 	 266.056
186.848 	 266.059
187.51 	 266.062
188.172 	 266.064
188.834 	 266.066
189.498 	 266.069
190.164 	 266.071
190.833 	 266.072
191.504 	 266.074
192.178 	 266.075
192.853 	 266.076
193.532 	 266.077
194.212 	 266.078
194.895 	 266.079
195.58 	 266.079
196.267 	 266.079
196.956 	 266.08
197.648 	 266.08
198.342 	 266.08
199.039 	 266.079
199.738 	 266.079
200.439 	 266.079
201.142 	 266.079
201.848 	 266.078
202.555 	 266.077
203.266 	 266.077
203.978 	 266.076
204.693 	 266.076
205.41 	 266.075
206.13 	 266.074
206.852 	 266.074
207.576 	 266.073
208.302 	 266.072
209.031 	 266.072
209.762 	 266.071
210.495 	 266.071
211.231 	 266.07
211.968 	 266.069
212.709 	 266.069
213.451 	 266.068
214.196 	 266.068
214.943 	 266.067
215.693 	 266.066
216.444 	 266.066
217.198 	 266.065
217.955 	 266.065
218.713 	 266.064
219.474 	 266.064
220.238 	 266.064
221.003 	 266.063
221.771 	 266.063
222.541 	 266.063
223.314 	 266.062
224.089 	 266.062
224.866 	 266.062
225.645 	 266.062
226.427 	 266.062
227.211 	 266.062
227.997 	 266.062
228.786 	 266.062
229.577 	 266.062
230.37 	 266.062
231.166 	 266.062
231.963 	 266.062
232.764 	 266.062
233.566 	 266.062
234.371 	 266.062
235.178 	 266.063
235.987 	 266.063
236.799 	 266.063
237.613 	 266.063
238.429 	 266.064
239.248 	 266.064
240.069 	 266.064
240.892 	 266.064
241.717 	 266.064
242.545 	 266.064
243.375 	 266.064
244.207 	 266.064
245.042 	 266.064
245.879 	 266.064
246.718 	 266.064
247.56 	 266.064
248.404 	 266.064
249.25 	 266.064
250.099 	 266.064
250.95 	 266.064
251.803 	 266.064
252.658 	 266.064
253.516 	 266.064
254.376 	 266.064
255.238 	 266.064
256.102 	 266.064
256.969 	 266.064
257.838 	 266.064
258.709 	 266.064
259.582 	 266.064
260.458 	 266.064
261.335 	 266.064
262.215 	 266.064
263.097 	 266.064
263.981 	 266.064
264.867 	 266.064
265.756 	 266.064
266.646 	 266.064
267.539 	 266.064
268.434 	 266.064
269.33 	 266.064
270.229 	 266.064
271.126 	 266.064
272.023 	 266.064
272.92 	 266.064
273.816 	 266.064
274.711 	 266.064
275.606 	 266.064
276.5 	 266.064
277.395 	 266.064
278.29 	 266.064
279.188 	 266.064
280.087 	 266.064
280.987 	 266.064
281.889 	 266.064
282.793 	 266.064
283.698 	 266.064
284.604 	 266.064
285.512 	 266.064
286.418 	 266.064
287.316 	 266.064
288.204 	 266.064
289.082 	 266.064
289.95 	 266.064
290.811 	 266.064
291.673 	 266.064
292.533 	 266.064
293.385 	 266.064
294.227 	 266.064
295.06 	 266.064
295.885 	 266.064
296.7 	 266.064
297.505 	 266.064
298.304 	 266.064
299.103 	 266.064
299.901 	 266.064
300.691 	 266.064
301.472 	 266.064
302.245 	 266.064
303.009 	 266.064
303.764 	 266.064
304.512 	 266.064
305.261 	 266.064
306.009 	 266.064
306.75 	 266.064
307.483 	 266.064
308.207 	 266.064
308.922 	 266.064
309.629 	 266.064
310.327 	 266.064
311.019 	 266.064
311.712 	 266.064
312.402 	 266.064
313.085 	 266.064
313.762 	 266.064
314.431 	 266.064
315.091 	 266.064
315.743 	 266.064
316.387 	 266.064
317.023 	 266.064
317.653 	 266.064
318.282 	 266.064
318.909 	 266.064
319.53 	 266.064
320.144 	 266.064
320.75 	 266.064
321.348 	 266.064
321.938 	 266.064
322.522 	 266.064
323.109 	 266.064
323.698 	 266.064
324.283 	 266.064
324.859 	 266.064
325.426 	 266.064
325.984 	 266.064
326.534 	 266.064
327.077 	 266.064
327.61 	 266.064
328.139 	 266.064
328.671 	 266.064
329.203 	 266.064
329.732 	 266.064
330.256 	 266.064
330.771 	 266.065
331.282 	 266.07
331.795 	 266.08
332.311 	 266.092
332.83 	 266.107
333.351 	 266.124
333.871 	 266.145
334.39 	 266.172
334.907 	 266.205
335.425 	 266.243
335.942 	 266.284
336.46 	 266.33
336.976 	 266.381
337.492 	 266.437
338.007 	 266.498
338.522 	 266.565
339.036 	 266.636
339.549 	 266.713
340.062 	 266.795
340.573 	 266.882
341.084 	 266.974
341.594 	 267.072
342.102 	 267.174
342.61 	 267.283
343.116 	 267.396
343.621 	 267.515
344.125 	 267.639
344.628 	 267.768
345.129 	 267.903
345.629 	 268.043
346.127 	 268.188
346.624 	 268.339
347.119 	 268.494
347.612 	 268.655
348.104 	 268.821
348.594 	 268.992
349.082 	 269.168
349.568 	 269.349
350.052 	 269.536
350.535 	 269.727
351.015 	 269.923
351.494 	 270.124
351.97 	 270.33
352.444 	 270.541
352.916 	 270.756
353.386 	 270.976
353.854 	 271.201
354.32 	 271.43
354.783 	 271.664
355.244 	 271.902
355.703 	 272.145
356.16 	 272.392
356.614 	 272.643
357.066 	 272.899
357.515 	 273.159
357.962 	 273.423
358.406 	 273.691
358.848 	 273.963
359.288 	 274.239
359.724 	 274.52
360.159 	 274.804
360.591 	 275.092
361.02 	 275.384
361.446 	 275.68
361.87 	 275.979
362.291 	 276.283
362.71 	 276.59
363.126 	 276.9
363.539 	 277.214
363.949 	 277.532
364.357 	 277.854
364.762 	 278.179
365.164 	 278.507
365.563 	 278.839
365.959 	 279.174
366.353 	 279.513
366.743 	 279.855
367.13 	 280.2
367.515 	 280.549
367.896 	 280.901
368.275 	 281.257
368.65 	 281.615
369.022 	 281.977
369.391 	 282.342
369.757 	 282.71
370.12 	 283.082
370.479 	 283.456
370.836 	 283.834
371.189 	 284.214
371.538 	 284.598
371.884 	 284.985
372.227 	 285.375
372.567 	 285.767
372.903 	 286.163
373.235 	 286.562
373.564 	 286.963
373.89 	 287.367
374.212 	 287.775
374.53 	 288.185
374.845 	 288.598
375.156 	 289.013
375.463 	 289.431
375.767 	 289.853
376.067 	 290.276
376.363 	 290.703
376.655 	 291.132
376.943 	 291.563
377.228 	 291.997
377.509 	 292.434
377.786 	 292.873
378.058 	 293.315
378.327 	 293.759
378.592 	 294.205
378.853 	 294.654
379.11 	 295.105
379.362 	 295.558
379.611 	 296.014
379.855 	 296.472
380.096 	 296.932
380.332 	 297.394
380.564 	 297.859
380.792 	 298.325
381.015 	 298.794
381.234 	 299.264
381.449 	 299.736
381.66 	 300.211
381.867 	 300.687
382.069 	 301.165
382.267 	 301.645
382.46 	 302.127
382.649 	 302.61
382.834 	 303.095
383.014 	 303.582
383.19 	 304.07
383.362 	 304.56
383.528 	 305.052
383.691 	 305.545
383.849 	 306.039
384.003 	 306.535
384.152 	 307.032
384.297 	 307.53
384.437 	 308.03
384.572 	 308.531
384.703 	 309.034
384.83 	 309.537
384.952 	 310.042
385.069 	 310.547
385.182 	 311.054
385.291 	 311.561
385.394 	 312.07
385.494 	 312.58
385.588 	 313.09
385.678 	 313.601
385.763 	 314.113
385.844 	 314.626
385.92 	 315.139
385.992 	 315.654
386.058 	 316.168
386.121 	 316.684
386.178 	 317.2
386.231 	 317.716
386.279 	 318.233
386.323 	 318.75
386.362 	 319.268
386.396 	 319.786
386.426 	 320.304
386.451 	 320.82
386.473 	 321.329
386.492 	 321.829
386.507 	 322.322
386.52 	 322.807
386.529 	 323.285
386.536 	 323.756
386.539 	 324.222
386.54 	 324.69
386.538 	 325.158
386.531 	 325.63
386.52 	 326.105
386.505 	 326.584
386.488 	 327.065
386.471 	 327.55
386.454 	 328.038
386.439 	 328.53
386.424 	 329.025
386.412 	 329.523
386.403 	 330.024
386.396 	 330.529
386.393 	 331.037
386.393 	 331.549
386.398 	 332.063
386.407 	 332.581
386.42 	 333.102
386.438 	 333.625
386.46 	 334.152
386.488 	 334.682
386.522 	 335.212
386.562 	 335.743
386.608 	 336.272
386.66 	 336.801
386.719 	 337.328
386.783 	 337.854
386.854 	 338.38
386.931 	 338.905
387.014 	 339.43
387.103 	 339.953
387.199 	 340.475
387.301 	 340.996
387.409 	 341.515
387.524 	 342.033
387.644 	 342.55
387.771 	 343.066
387.904 	 343.579
388.043 	 344.092
388.188 	 344.602
388.339 	 345.111
388.496 	 345.618
388.66 	 346.123
388.829 	 346.626
389.004 	 347.127
389.184 	 347.626
389.371 	 348.123
389.563 	 348.618
389.76 	 349.111
389.963 	 349.601
390.172 	 350.089
390.386 	 350.575
390.605 	 351.058
390.83 	 351.539
391.059 	 352.018
391.294 	 352.494
391.534 	 352.968
391.778 	 353.44
392.027 	 353.909
392.281 	 354.375
392.54 	 354.839
392.803 	 355.3
393.07 	 355.759
393.342 	 356.215
393.618 	 356.669
393.897 	 357.12
394.181 	 357.569
394.469 	 358.015
394.761 	 358.459
395.057 	 358.9
395.357 	 359.339
395.66 	 359.775
395.967 	 360.208
396.277 	 360.639
396.591 	 361.068
396.908 	 361.494
397.229 	 361.917
397.553 	 362.337
397.881 	 362.756
398.212 	 363.171
398.546 	 363.584
398.883 	 363.994
399.224 	 364.402
399.568 	 364.807
399.915 	 365.209
400.265 	 365.608
400.618 	 366.005
400.974 	 366.399
401.334 	 366.79
401.696 	 367.178
402.062 	 367.564
402.431 	 367.946
402.802 	 368.326
403.177 	 368.702
403.555 	 369.075
403.935 	 369.446
404.319 	 369.813
404.706 	 370.177
405.095 	 370.538
405.488 	 370.896
405.883 	 371.251
406.282 	 371.602
406.683 	 371.95
407.087 	 372.295
407.494 	 372.636
407.904 	 372.973
408.316 	 373.308
408.732 	 373.638
409.151 	 373.966
409.572 	 374.289
409.995 	 374.609
410.422 	 374.925
410.851 	 375.238
411.283 	 375.547
411.718 	 375.852
412.155 	 376.153
412.595 	 376.451
413.038 	 376.744
413.483 	 377.034
413.931 	 377.32
414.381 	 377.602
414.833 	 377.879
415.289 	 378.153
415.746 	 378.423
416.206 	 378.689
416.668 	 378.95
417.133 	 379.208
417.599 	 379.461
418.068 	 379.71
418.54 	 379.955
419.013 	 380.195
419.489 	 380.432
419.966 	 380.664
420.446 	 380.892
420.928 	 381.115
421.412 	 381.335
421.897 	 381.549
422.385 	 381.76
422.874 	 381.966
423.366 	 382.168
423.859 	 382.365
424.353 	 382.558
424.85 	 382.747
425.348 	 382.931
425.848 	 383.11
426.349 	 383.285
426.852 	 383.456
427.357 	 383.622
427.862 	 383.784
428.37 	 383.941
428.878 	 384.094
429.388 	 384.242
429.9 	 384.386
430.412 	 384.525
430.926 	 384.659
431.441 	 384.789
431.957 	 384.914
432.474 	 385.035
432.992 	 385.151
433.512 	 385.263
434.032 	 385.37
434.553 	 385.473
435.075 	 385.571
435.598 	 385.664
436.122 	 385.753
436.646 	 385.836
437.171 	 385.916
437.697 	 385.991
438.223 	 386.061
438.75 	 386.126
439.278 	 386.187
439.806 	 386.243
440.335 	 386.295
440.864 	 386.341
441.393 	 386.384
441.923 	 386.421
442.453 	 386.454
442.983 	 386.482
443.514 	 386.506
444.045 	 386.525
444.576 	 386.54
445.107 	 386.549
445.638 	 386.554
446.169 	 386.555
446.701 	 386.551
447.236 	 386.545
447.775 	 386.538
448.317 	 386.528
448.863 	 386.516
449.412 	 386.502
449.965 	 386.486
450.521 	 386.468
451.08 	 386.449
451.643 	 386.429
452.209 	 386.408
452.778 	 386.387
453.351 	 386.365
453.928 	 386.342
454.508 	 386.32
455.091 	 386.298
455.678 	 386.276
456.268 	 386.254
456.862 	 386.232
457.46 	 386.211
458.06 	 386.191
458.665 	 386.171
459.273 	 386.152
459.884 	 386.134
460.499 	 386.117
461.118 	 386.1
461.74 	 386.085
462.366 	 386.071
462.995 	 386.057
463.627 	 386.045
464.263 	 386.034
464.902 	 386.024
465.544 	 386.015
466.19 	 386.007
466.839 	 386
467.491 	 385.994
468.147 	 385.989
468.806 	 385.985
469.468 	 385.981
470.132 	 385.979
470.796 	 385.978
471.459 	 385.977
472.123 	 385.977
472.785 	 385.978
473.448 	 385.98
474.11 	 385.982
474.772 	 385.984
475.434 	 385.987
476.099 	 385.99
476.766 	 385.994
477.435 	 385.998
478.106 	 386.002
478.78 	 386.006
479.456 	 386.011
480.134 	 386.015
480.815 	 386.02
481.498 	 386.025
482.183 	 386.029
482.871 	 386.034
483.56 	 386.038
484.253 	 386.042
484.947 	 386.047
485.643 	 386.051
486.342 	 386.055
487.044 	 386.058
487.747 	 386.062
488.453 	 386.065
489.161 	 386.068
489.872 	 386.071
490.584 	 386.073
491.3 	 386.076
492.017 	 386.078
492.737 	 386.08
493.459 	 386.081
494.183 	 386.083
494.91 	 386.084
495.638 	 386.085
496.37 	 386.086
497.103 	 386.087
497.839 	 386.087
498.577 	 386.087
499.318 	 386.087
500.061 	 386.087
500.806 	 386.087
501.553 	 386.087
502.303 	 386.087
503.055 	 386.086
503.809 	 386.085
504.566 	 386.085
505.325 	 386.084
506.087 	 386.083
506.85 	 386.082
507.616 	 386.081
508.385 	 386.08
509.155 	 386.08
509.928 	 386.079
510.704 	 386.078
511.481 	 386.077
512.261 	 386.076
513.044 	 386.075
513.828 	 386.074
514.615 	 386.073
515.404 	 386.072
516.196 	 386.071
516.99 	 386.071
517.786 	 386.07
518.585 	 386.069
519.386 	 386.069
520.189 	 386.068
520.995 	 386.068
521.803 	 386.067
522.613 	 386.067
523.425 	 386.067
524.24 	 386.066
525.058 	 386.066
525.877 	 386.066
526.699 	 386.065
527.523 	 386.065
528.35 	 386.065
529.179 	 386.065
530.01 	 386.065
530.844 	 386.065
531.68 	 386.065
532.518 	 386.065
533.359 	 386.065
534.201 	 386.066
535.047 	 386.066
535.894 	 386.066
536.744 	 386.067
537.597 	 386.067
538.451 	 386.067
539.308 	 386.067
540.167 	 386.067
541.029 	 386.067
541.893 	 386.066
542.759 	 386.066
543.627 	 386.066
544.497 	 386.065
545.37 	 386.065
546.245 	 386.064
547.122 	 386.064
548.002 	 386.063
548.883 	 386.062
549.767 	 386.062
550.653 	 386.061
551.542 	 386.061
552.432 	 386.06
553.324 	 386.059
554.219 	 386.059
555.116 	 386.058
556.014 	 386.058
556.911 	 386.057
557.809 	 386.056
558.705 	 386.056
559.601 	 386.055
560.497 	 386.054
561.392 	 386.054
562.286 	 386.054
563.181 	 386.053
564.077 	 386.053
564.975 	 386.053
565.874 	 386.053
566.775 	 386.053
567.677 	 386.053
568.581 	 386.053
569.487 	 386.053
570.394 	 386.053
571.303 	 386.053
572.213 	 386.054
573.125 	 386.054
574.038 	 386.054
574.953 	 386.054
575.87 	 386.055
576.788 	 386.055
577.708 	 386.055
578.629 	 386.056
579.548 	 386.056
580.459 	 386.056
581.36 	 386.057
582.251 	 386.057
583.133 	 386.058
584.004 	 386.059
584.865 	 386.059
585.717 	 386.06
586.562 	 386.06
587.407 	 386.061
588.251 	 386.062
589.087 	 386.062
589.913 	 386.063
590.731 	 386.063
591.54 	 386.064
592.339 	 386.065
593.13 	 386.065
593.913 	 386.066
594.698 	 386.066
595.481 	 386.067
596.255 	 386.067
597.022 	 386.067
597.779 	 386.068
598.528 	 386.069
599.268 	 386.069
600 	 386.07
600.732 	 386.07
601.461 	 386.07
602.182 	 386.071
602.896 	 386.071
603.601 	 386.071
604.297 	 386.072
604.988 	 386.072
605.68 	 386.072
606.373 	 386.073
607.058 	 386.073
607.736 	 386.073
608.404 	 386.074
609.064 	 386.074
609.715 	 386.074
610.358 	 386.074
610.995 	 386.074
611.631 	 386.074
612.264 	 386.074
612.891 	 386.074
613.511 	 386.074
614.123 	 386.074
614.727 	 386.074
615.322 	 386.075
615.912 	 386.075
616.505 	 386.075
617.099 	 386.074
617.689 	 386.074
618.27 	 386.074
618.841 	 386.074
619.404 	 386.074
619.959 	 386.074
620.506 	 386.075
621.044 	 386.075
621.578 	 386.075
622.114 	 386.076
622.651 	 386.076
623.185 	 386.076
623.713 	 386.077
624.231 	 386.077
624.74 	 386.077
625.241 	 386.077
625.734 	 386.077
626.219 	 386.078
626.697 	 386.078
627.167 	 386.078
627.632 	 386.079
628.1 	 386.079
628.569 	 386.079
629.036 	 386.08
629.494 	 386.08
629.944 	 386.08
630.385 	 386.08
630.82 	 386.081
631.251 	 386.086
631.682 	 386.094
632.114 	 386.104
632.548 	 386.115
632.983 	 386.128
633.417 	 386.145
633.851 	 386.168
634.284 	 386.194
634.718 	 386.223
635.151 	 386.255
635.584 	 386.292
636.016 	 386.332
636.448 	 386.378
636.88 	 386.428
637.31 	 386.483
637.74 	 386.542
638.17 	 386.605
638.599 	 386.674
639.027 	 386.747
639.454 	 386.826
639.88 	 386.909
640.305 	 386.998
640.728 	 387.092
641.151 	 387.191
641.573 	 387.292
641.995 	 387.396
642.415 	 387.506
642.833 	 387.623
643.249 	 387.745
643.665 	 387.872
644.079 	 388.003
644.491 	 388.139
644.902 	 388.28
645.31 	 388.426
645.717 	 388.578
646.122 	 388.735
646.524 	 388.898
646.925 	 389.066
647.324 	 389.236
647.722 	 389.411
648.116 	 389.592
648.508 	 389.779
648.897 	 389.969
649.285 	 390.165
649.67 	 390.366
650.053 	 390.57
650.433 	 390.78
650.81 	 390.995
651.185 	 391.214
651.557 	 391.438
651.926 	 391.667
652.292 	 391.9
652.656 	 392.137
653.018 	 392.377
653.376 	 392.622
653.731 	 392.873
654.083 	 393.128
654.432 	 393.386
654.777 	 393.649
655.121 	 393.916
655.46 	 394.187
655.796 	 394.462
656.129 	 394.741
656.459 	 395.024
656.785 	 395.311
657.108 	 395.602
657.427 	 395.896
657.743 	 396.194
658.055 	 396.496
658.364 	 396.802
658.669 	 397.111
658.971 	 397.423
659.27 	 397.739
659.565 	 398.058
659.857 	 398.38
660.145 	 398.705
660.43 	 399.034
660.711 	 399.365
660.988 	 399.7
661.263 	 400.036
661.533 	 400.377
661.8 	 400.72
662.063 	 401.065
662.323 	 401.414
662.579 	 401.765
662.832 	 402.119
663.081 	 402.475
663.327 	 402.833
663.569 	 403.194
663.807 	 403.558
664.042 	 403.923
664.273 	 404.292
664.5 	 404.662
664.724 	 405.035
664.943 	 405.41
665.159 	 405.787
665.371 	 406.166
665.58 	 406.548
665.784 	 406.931
665.985 	 407.316
666.182 	 407.704
666.375 	 408.093
666.564 	 408.485
666.748 	 408.878
666.929 	 409.273
667.106 	 409.67
667.278 	 410.069
667.447 	 410.47
667.611 	 410.872
667.772 	 411.276
667.928 	 411.682
668.079 	 412.089
668.227 	 412.498
668.37 	 412.908
668.509 	 413.32
668.644 	 413.733
668.774 	 414.147
668.9 	 414.563
669.022 	 414.98
669.138 	 415.399
669.251 	 415.819
669.36 	 416.24
669.464 	 416.661
669.563 	 417.085
669.658 	 417.509
669.748 	 417.934
669.833 	 418.36
669.914 	 418.786
669.991 	 419.214
670.063 	 419.643
670.13 	 420.072
670.192 	 420.502
670.25 	 420.933
670.304 	 421.364
670.353 	 421.796
670.397 	 422.228
670.436 	 422.66
670.47 	 423.094
670.5 	 423.524
670.527 	 423.948
670.549 	 424.364
670.568 	 424.773
670.583 	 425.176
670.595 	 425.571
670.604 	 425.958
670.609 	 426.338
670.612 	 426.711
670.61 	 427.081
670.604 	 427.453
670.594 	 427.826
670.579 	 428.202
670.557 	 428.579
670.531 	 428.96
670.501 	 429.34
670.467 	 429.722
670.424 	 430.103
670.375 	 430.481
670.319 	 430.858
670.26 	 431.236
670.196 	 431.614
670.128 	 431.99
670.055 	 432.364
669.977 	 432.738
669.897 	 433.113
669.811 	 433.486
669.72 	 433.856
669.624 	 434.226
669.523 	 434.595
669.417 	 434.963
669.308 	 435.329
669.194 	 435.694
669.076 	 436.057
668.954 	 436.42
668.827 	 436.781
668.697 	 437.14
668.561 	 437.497
668.421 	 437.853
668.276 	 438.207
668.127 	 438.559
667.974 	 438.909
667.817 	 439.258
667.655 	 439.604
667.489 	 439.949
667.319 	 440.291
667.146 	 440.632
666.968 	 440.97
666.785 	 441.306
666.599 	 441.639
666.409 	 441.971
666.214 	 442.3
666.015 	 442.627
665.813 	 442.951
665.607 	 443.273
665.396 	 443.593
665.182 	 443.909
664.964 	 444.223
664.742 	 444.534
664.517 	 444.843
664.287 	 445.149
664.054 	 445.452
663.817 	 445.752
663.576 	 446.049
663.332 	 446.344
663.084 	 446.634
662.833 	 446.923
662.578 	 447.208
662.32 	 447.49
662.059 	 447.769
661.794 	 448.044
661.526 	 448.317
661.254 	 448.586
660.979 	 448.851
660.701 	 449.113
660.42 	 449.373
660.135 	 449.628
659.848 	 449.88
659.557 	 450.129
659.264 	 450.374
658.967 	 450.615
658.668 	 450.853
658.366 	 451.087
658.061 	 451.317
657.753 	 451.544
657.443 	 451.767
657.13 	 451.986
656.814 	 452.202
656.495 	 452.413
656.174 	 452.62
655.851 	 452.824
655.525 	 453.024
655.197 	 453.22
654.866 	 453.412
654.533 	 453.6
654.198 	 453.784
653.861 	 453.964
653.522 	 454.14
653.18 	 454.311
652.836 	 454.479
652.491 	 454.643
652.144 	 454.803
651.795 	 454.96
651.445 	 455.113
651.093 	 455.261
650.739 	 455.405
650.383 	 455.545
650.025 	 455.681
649.667 	 455.812
649.306 	 455.94
648.944 	 456.063
648.581 	 456.182
648.216 	 456.297
647.85 	 456.407
647.483 	 456.512
647.114 	 456.614
646.745 	 456.712
646.375 	 456.808
646.004 	 456.901
645.632 	 456.988
645.259 	 457.068
644.884 	 457.142
644.508 	 457.213
644.131 	 457.282
643.755 	 457.346
643.377 	 457.404
642.999 	 457.457
642.619 	 457.506
642.239 	 457.548
641.858 	 457.586
641.478 	 457.62
641.096 	 457.649
640.715 	 457.674
640.333 	 457.694
639.952 	 457.707
639.57 	 457.715
639.187 	 457.719
638.803 	 457.718
638.418 	 457.716
638.031 	 457.711
637.64 	 457.704
637.248 	 457.695
636.855 	 457.683
636.46 	 457.668
636.062 	 457.651
635.664 	 457.632
635.263 	 457.61
634.861 	 457.585
634.456 	 457.559
634.05 	 457.533
633.64 	 457.507
633.228 	 457.479
632.815 	 457.452
632.4 	 457.424
631.983 	 457.396
631.563 	 457.367
631.143 	 457.339
630.723 	 457.313
630.302 	 457.287
629.882 	 457.261
629.46 	 457.236
629.039 	 457.213
628.618 	 457.19
628.195 	 457.168
627.768 	 457.146
627.338 	 457.126
626.904 	 457.106
626.467 	 457.086
626.025 	 457.066
625.581 	 457.049
625.132 	 457.034
624.68 	 457.019
624.224 	 457.003
623.765 	 456.99
623.302 	 456.978
622.835 	 456.966
622.364 	 456.954
621.889 	 456.944
621.41 	 456.935
620.928 	 456.926
620.442 	 456.92
619.952 	 456.914
619.458 	 456.909
618.961 	 456.905
618.461 	 456.901
617.955 	 456.898
617.446 	 456.896
616.934 	 456.895
616.417 	 456.894
615.896 	 456.893
615.372 	 456.894
614.844 	 456.896
614.311 	 456.898
613.776 	 456.9
613.236 	 456.903
612.692 	 456.906
612.144 	 456.909
611.593 	 456.913
611.037 	 456.917
610.477 	 456.921
609.914 	 456.926
609.347 	 456.93
608.776 	 456.935
608.2 	 456.94
607.621 	 456.945
607.038 	 456.95
606.451 	 456.955
605.86 	 456.96
605.265 	 456.965
604.665 	 456.969
604.062 	 456.974
603.455 	 456.978
602.844 	 456.983
602.229 	 456.987
601.61 	 456.991
600.987 	 456.995
600.36 	 456.998
599.729 	 457.002
599.094 	 457.005
598.456 	 457.008
597.814 	 457.01
597.168 	 457.013
596.518 	 457.015
595.864 	 457.017
595.207 	 457.019
594.546 	 457.02
593.882 	 457.022
593.218 	 457.023
592.554 	 457.024
591.89 	 457.025
591.226 	 457.025
590.562 	 457.025
589.897 	 457.026
589.233 	 457.026
588.567 	 457.026
587.899 	 457.026
587.228 	 457.026
586.554 	 457.024
585.878 	 457.016
585.2 	 457.009
584.519 	 457.001
583.835 	 456.994
583.148 	 456.988
582.459 	 456.982
581.766 	 456.976
581.072 	 456.97
580.374 	 456.965
579.674 	 456.961
578.971 	 456.957
578.265 	 456.954
577.557 	 456.951
576.846 	 456.949
576.132 	 456.948
575.416 	 456.947
574.697 	 456.949
573.975 	 456.956
573.251 	 456.964
572.525 	 456.971
571.796 	 456.979
571.064 	 456.986
570.329 	 456.994
569.592 	 457.001
568.852 	 457.009
568.11 	 457.016
567.365 	 457.022
566.617 	 457.028
565.867 	 457.033
565.114 	 457.038
564.359 	 457.043
563.601 	 457.046
562.84 	 457.049
562.077 	 457.052
561.311 	 457.054
560.542 	 457.056
559.772 	 457.057
558.998 	 457.058
558.222 	 457.057
557.444 	 457.051
556.663 	 457.045
555.881 	 457.041
555.095 	 457.038
554.307 	 457.033
553.517 	 457.028
552.724 	 457.023
551.929 	 457.019
551.131 	 457.015
550.331 	 457.012
549.528 	 457.008
548.723 	 457.005
547.915 	 457.003
547.105 	 457.001
546.293 	 456.999
545.479 	 456.998
544.662 	 456.997
543.843 	 456.996
543.021 	 456.995
542.197 	 456.995
541.371 	 456.997
540.543 	 457.006
539.713 	 457.016
538.881 	 457.022
538.046 	 457.028
537.21 	 457.035
536.371 	 457.043
535.53 	 457.05
534.687 	 457.056
533.841 	 457.061
532.993 	 457.066
532.143 	 457.071
531.29 	 457.074
530.436 	 457.077
529.579 	 457.079
528.72 	 457.08
527.859 	 457.079
526.996 	 457.074
526.131 	 457.067
525.264 	 457.06
524.395 	 457.055
523.524 	 457.048
522.65 	 457.041
521.775 	 457.034
520.897 	 457.026
520.017 	 457.019
519.135 	 457.013
518.252 	 457.006
517.366 	 457.001
516.478 	 456.995
515.587 	 456.99
514.695 	 456.985
513.801 	 456.98
512.906 	 456.975
512.008 	 456.972
511.108 	 456.969
510.209 	 456.967
509.31 	 456.965
508.412 	 456.963
507.515 	 456.964
506.619 	 456.971
505.723 	 456.98
504.828 	 456.992
503.933 	 457.006
503.039 	 457.019
502.145 	 457.032
501.251 	 457.046
500.354 	 457.062
499.455 	 457.08
498.556 	 457.098
497.658 	 457.117
496.76 	 457.135
495.862 	 457.153
494.963 	 457.171
494.062 	 457.188
493.161 	 457.204
492.261 	 457.221
491.361 	 457.238
490.459 	 457.254
489.556 	 457.269
488.653 	 457.283
487.749 	 457.297
486.846 	 457.308
485.941 	 457.316
485.034 	 457.321
484.125 	 457.325
483.216 	 457.323
482.306 	 457.32
481.394 	 457.317
480.481 	 457.312
479.565 	 457.305
478.648 	 457.297
477.729 	 457.289
476.807 	 457.28
475.883 	 457.268
474.958 	 457.254
474.03 	 457.24
473.1 	 457.226
472.169 	 457.212
471.235 	 457.197
470.299 	 457.182
469.361 	 457.167
468.421 	 457.152
467.479 	 457.137
466.534 	 457.122
465.588 	 457.107
464.64 	 457.092
463.689 	 457.079
462.737 	 457.066
461.782 	 457.053
460.826 	 457.041
459.867 	 457.031
458.906 	 457.021
457.943 	 457.012
456.979 	 457.004
456.012 	 456.997
455.043 	 456.991
454.072 	 456.986
453.099 	 456.981
452.124 	 456.978
451.148 	 456.976
450.169 	 456.974
449.188 	 456.973
448.206 	 456.974
447.222 	 456.979
446.235 	 456.987
445.247 	 456.996
444.257 	 457.005
443.266 	 457.015
442.272 	 457.024
441.276 	 457.033
440.278 	 457.043
439.178 	 457.054
438.076 	 457.064
436.971 	 457.073
435.864 	 457.081
434.754 	 457.089
433.642 	 457.095
432.528 	 457.1
431.411 	 457.104
430.291 	 457.108
429.169 	 457.108
428.046 	 457.101
426.92 	 457.092
425.792 	 457.085
424.661 	 457.078
423.528 	 457.07
422.393 	 457.059
421.255 	 457.049
420.115 	 457.039
418.972 	 457.03
417.827 	 457.021
416.679 	 457.013
415.529 	 457.006
414.376 	 457
413.221 	 456.994
412.064 	 456.989
410.904 	 456.986
409.741 	 456.983
408.577 	 456.98
407.409 	 456.981
406.24 	 456.988
405.069 	 456.996
403.895 	 457.002
402.719 	 457.008
401.541 	 457.016
400.36 	 457.026
399.177 	 457.034
397.992 	 457.041
396.804 	 457.048
395.613 	 457.055
394.421 	 457.061
393.226 	 457.065
392.028 	 457.069
390.828 	 457.073
389.626 	 457.075
388.422 	 457.077
387.215 	 457.075
386.007 	 457.065
384.797 	 457.054
383.584 	 457.046
382.37 	 457.038
381.153 	 457.027
379.934 	 457.015
378.713 	 457.006
377.49 	 456.997
376.265 	 456.989
375.037 	 456.982
373.807 	 456.977
372.576 	 456.972
371.342 	 456.969
370.106 	 456.967
368.868 	 456.969
367.629 	 456.981
366.388 	 456.993
365.146 	 456.999
363.901 	 457.003
362.655 	 457.004
361.408 	 456.995
360.159 	 456.985
358.908 	 456.974
357.655 	 456.957
356.401 	 456.935
355.145 	 456.909
353.888 	 456.881
352.632 	 456.849
351.377 	 456.812
350.123 	 456.771
348.87 	 456.727
347.618 	 456.68
346.367 	 456.629
345.116 	 456.574
343.864 	 456.516
342.611 	 456.455
341.357 	 456.391
340.102 	 456.323
338.846 	 456.251
337.589 	 456.176
336.331 	 456.098
335.072 	 456.017
333.812 	 455.932
332.552 	 455.843
331.29 	 455.751
330.028 	 455.656
328.764 	 455.558
327.5 	 455.456
326.235 	 455.351
324.969 	 455.243
323.702 	 455.132
322.434 	 455.018
321.166 	 454.9
319.896 	 454.779
318.626 	 454.655
317.356 	 454.528
316.084 	 454.398
314.812 	 454.265
313.539 	 454.129
312.265 	 453.99
310.991 	 453.848
309.715 	 453.702
308.439 	 453.554
307.163 	 453.403
305.886 	 453.248
304.608 	 453.091
303.329 	 452.93
302.05 	 452.767
300.77 	 452.6
299.49 	 452.43
298.209 	 452.257
296.928 	 452.081
295.646 	 451.902
294.363 	 451.719
293.08 	 451.534
291.796 	 451.345
290.512 	 451.153
289.228 	 450.958
287.943 	 450.76
286.657 	 450.558
285.371 	 450.353
284.085 	 450.145
282.799 	 449.934
281.511 	 449.719
280.224 	 449.501
278.936 	 449.28
277.648 	 449.055
276.36 	 448.827
275.071 	 448.596
273.782 	 448.361
272.492 	 448.123
271.203 	 447.882
269.913 	 447.637
268.622 	 447.389
267.332 	 447.138
266.041 	 446.883
264.751 	 446.625
263.46 	 446.363
262.168 	 446.098
260.877 	 445.83
259.585 	 445.558
258.294 	 445.283
257.002 	 445.005
255.71 	 444.723
254.418 	 444.438
253.125 	 444.149
251.833 	 443.857
250.541 	 443.562
249.248 	 443.263
247.956 	 442.961
246.663 	 442.655
245.371 	 442.346
244.078 	 442.034
242.785 	 441.718
241.493 	 441.399
240.2 	 441.076
238.908 	 440.75
237.615 	 440.42
236.323 	 440.088
235.03 	 439.751
233.738 	 439.412
232.445 	 439.068
231.153 	 438.722
229.861 	 438.372
228.569 	 438.019
227.277 	 437.662
225.985 	 437.302
224.694 	 436.938
223.402 	 436.571
222.111 	 436.2
220.819 	 435.826
219.528 	 435.449
218.238 	 435.068
216.947 	 434.683
215.657 	 434.295
214.367 	 433.904
213.077 	 433.509
211.787 	 433.111
210.498 	 432.709
209.208 	 432.304
207.92 	 431.895
206.631 	 431.483
205.343 	 431.067
204.055 	 430.648
202.767 	 430.225
201.48 	 429.799
200.193 	 429.369
198.906 	 428.936
197.62 	 428.499
196.334 	 428.059
195.048 	 427.615
193.763 	 427.168
192.479 	 426.717
191.194 	 426.263
189.91 	 425.805
188.627 	 425.343
187.344 	 424.878
186.061 	 424.41
184.779 	 423.938
183.497 	 423.462
182.216 	 422.983
180.935 	 422.5
179.655 	 422.014
178.375 	 421.524
177.096 	 421.03
175.817 	 420.534
174.538 	 420.034
173.261 	 419.529
171.983 	 419.022
170.707 	 418.51
169.43 	 417.996
168.155 	 417.478
166.88 	 416.956
165.606 	 416.43
164.332 	 415.901
163.058 	 415.369
161.786 	 414.833
160.514 	 414.292
159.243 	 413.749
157.972 	 413.202
156.702 	 412.652
155.432 	 412.097
154.164 	 411.539
152.895 	 410.978
151.628 	 410.413
150.361 	 409.845
149.095 	 409.272
147.834 	 408.698
146.584 	 408.127
145.346 	 407.559
144.12 	 406.996
142.908 	 406.437
141.71 	 405.883
140.524 	 405.332
139.35 	 404.786
138.189 	 404.243
137.041 	 403.704
135.907 	 403.17
134.785 	 402.638
133.675 	 402.109
132.576 	 401.584
131.49 	 401.061
130.416 	 400.542
129.355 	 400.025
128.304 	 399.51
127.264 	 398.998
126.236 	 398.488
125.22 	 397.983
124.216 	 397.48
123.224 	 396.98
122.242 	 396.48
121.266 	 395.976
120.291 	 395.467
119.319 	 394.953
118.349 	 394.434
117.38 	 393.91
116.411 	 393.385
115.445 	 392.855
114.482 	 392.319
113.522 	 391.777
112.563 	 391.234
111.605 	 390.687
110.649 	 390.138
109.692 	 389.588
108.739 	 389.034
107.787 	 388.476
106.836 	 387.916
105.886 	 387.354
104.938 	 386.792
103.996 	 386.233
103.066 	 385.68
102.15 	 385.133
101.241 	 384.589
100.332 	 384.044
99.4247 	 383.5
98.5263 	 382.96
97.6377 	 382.426
96.7591 	 381.898
95.8904 	 381.375
95.032 	 380.859
94.1836 	 380.349
93.3455 	 379.845
92.5149 	 379.346
91.6847 	 378.849
90.8553 	 378.351
90.0275 	 377.852
89.201 	 377.352
88.3757 	 376.85
87.5515 	 376.347
86.7297 	 375.842
85.9105 	 375.334
85.0935 	 374.822
84.2785 	 374.308
83.4658 	 373.79
82.6555 	 373.268
81.8481 	 372.742
81.0435 	 372.212
80.2419 	 371.678
79.4434 	 371.139
78.6476 	 370.596
77.8554 	 370.048
77.0667 	 369.495
76.2814 	 368.937
75.4998 	 368.374
74.7218 	 367.806
73.9476 	 367.233
73.1773 	 366.654
72.4112 	 366.071
71.649 	 365.482
70.8911 	 364.887
70.137 	 364.288
69.3874 	 363.683
68.6422 	 363.073
67.9013 	 362.458
67.1648 	 361.837
66.4326 	 361.211
65.7048 	 360.58
64.9816 	 359.944
64.2628 	 359.303
63.5486 	 358.656
62.8389 	 358.005
62.1335 	 357.349
61.4326 	 356.688
60.7363 	 356.023
60.0444 	 355.352
59.3571 	 354.677
58.674 	 353.998
57.9954 	 353.314
57.3212 	 352.626
56.6514 	 351.934
55.9859 	 351.237
55.3247 	 350.537
54.6678 	 349.832
54.0152 	 349.123
53.3669 	 348.41
52.7227 	 347.694
52.0828 	 346.974
51.4471 	 346.25
50.8155 	 345.522
50.1881 	 344.791
49.5648 	 344.057
48.9457 	 343.318
48.3308 	 342.576
47.72 	 341.831
47.1133 	 341.083
46.5108 	 340.331
45.9124 	 339.576
45.3182 	 338.817
44.7282 	 338.056
44.1424 	 337.291
43.5609 	 336.523
42.9835 	 335.751
42.4104 	 334.977
41.8416 	 334.199
41.2772 	 333.418
40.7172 	 332.634
40.1615 	 331.847
39.6102 	 331.057
39.0648 	 330.267
38.5285 	 329.484
38.0015 	 328.708
37.484 	 327.941
36.9749 	 327.177
36.472 	 326.412
35.9782 	 325.654
35.4939 	 324.902
35.0181 	 324.155
34.549 	 323.405
34.0891 	 322.662
33.6386 	 321.926
33.1964 	 321.194
32.761 	 320.46
32.3347 	 319.733
31.9171 	 319.012
31.5068 	 318.296
31.0994 	 317.576
30.6959 	 316.854
30.2985 	 316.139
29.9081 	 315.432
29.5249 	 314.733
29.1484 	 314.044
28.7784 	 313.363
28.4141 	 312.691
28.0535 	 312.025
27.6922 	 311.356
27.332 	 310.688
26.9764 	 310.028
26.6256 	 309.376
26.2795 	 308.734
25.9381 	 308.1
25.6007 	 307.473
25.2663 	 306.845
24.9341 	 306.216
24.6033 	 305.587
24.2747 	 304.956
23.949 	 304.325
23.6264 	 303.692
23.3061 	 303.057
22.9873 	 302.418
22.6711 	 301.775
22.3587 	 301.129
22.0506 	 300.482
21.747 	 299.833
21.4477 	 299.182
21.153 	 298.53
20.8628 	 297.875
20.5776 	 297.218
20.2974 	 296.559
20.0225 	 295.897
19.7529 	 295.234
19.4887 	 294.568
19.23 	 293.901
18.9769 	 293.231
18.7296 	 292.559
18.4881 	 291.885
18.2525 	 291.209
18.0228 	 290.53
17.7991 	 289.85
17.5813 	 289.168
17.3696 	 288.484
17.164 	 287.798
16.9645 	 287.111
16.7712 	 286.421
16.584 	 285.73
16.403 	 285.038
16.2282 	 284.343
16.0597 	 283.647
15.8974 	 282.95
15.7413 	 282.251
15.5916 	 281.551
15.4481 	 280.85
15.3108 	 280.147
15.1798 	 279.443
15.0549 	 278.738
14.9363 	 278.032
14.8238 	 277.325
14.7176 	 276.617
14.6173 	 275.908
14.5232 	 275.198
14.4352 	 274.487
14.3532 	 273.776
14.2772 	 273.064
14.2071 	 272.352
14.1431 	 271.638
14.0845 	 270.928
14.0308 	 270.227
13.9815 	 269.537
13.9365 	 268.856
13.8959 	 268.186
13.8596 	 267.526
13.8274 	 266.875
13.7994 	 266.235
13.7758 	 265.604
13.7565 	 264.982
13.7418 	 264.37
13.7314 	 263.767
13.7256 	 263.173
13.7236 	 262.59
13.7245 	 262.015
13.7283 	 261.45
13.7355 	 260.893
13.7462 	 260.347
13.7603 	 259.809
13.7773 	 259.281
13.7972 	 258.763
13.8197 	 258.254
13.8446 	 257.755
13.8715 	 257.265
13.9 	 256.784
13.9299 	 256.313
13.9607 	 255.851
13.9921 	 255.397
14.0237 	 254.953
14.0549 	 254.518
14.0868 	 254.091
14.1224 	 253.675
14.1624 	 253.267
14.2064 	 252.87
14.2547 	 252.482
14.307 	 252.104
14.3638 	 251.737
14.4248 	 251.378
14.4903 	 251.03
14.5601 	 250.692
14.6339 	 250.363
14.7118 	 250.044
14.7937 	 249.735
14.879 	 249.436
14.9681 	 249.147
15.0603 	 248.869
15.1555 	 248.6
15.2534 	 248.341
15.3537 	 248.093
15.4563 	 247.854
15.5607 	 247.626
15.6667 	 247.408
15.7739 	 247.201
15.8836 	 247.003
15.9995 	 246.813
16.1221 	 246.629
16.2517 	 246.453
16.3879 	 246.284
16.5304 	 246.12
16.6792 	 245.965
16.8349 	 245.818
16.9963 	 245.678
17.1638 	 245.544
17.3364 	 245.419
17.5151 	 245.3
17.6983 	 245.189
17.8869 	 245.083
18.0797 	 244.986
18.2774 	 244.893
18.4787 	 244.809
18.6847 	 244.73
18.8937 	 244.658
19.1071 	 244.591
19.3232 	 244.53
19.5434 	 244.474
19.7656 	 244.424
19.9918 	 244.379
20.2198 	 244.339
20.4476 	 244.306
20.6752 	 244.278
20.9039 	 244.254
21.1335 	 244.235
21.3634 	 244.22
21.5933 	 244.21
21.8232 	 244.204
22.0534 	 244.202
22.2836 	 244.205
22.5138 	 244.213
22.7437 	 244.225
22.9735 	 244.24
23.2029 	 244.261
23.4319 	 244.285
23.6625 	 244.312
23.8969 	 244.338
24.133 	 244.359
24.3722 	 244.377
24.6121 	 244.389
24.8549 	 244.397
25.0987 	 244.399
25.3459 	 244.4
25.5947 	 244.4
25.8472 	 244.401
26.101 	 244.403
26.3587 	 244.405
26.6177 	 244.409
26.8805 	 244.414
27.1448 	 244.422
27.4131 	 244.431
27.6826 	 244.442
27.9559 	 244.456
28.2307 	 244.472
28.5092 	 244.491
28.789 	 244.513
29.0725 	 244.538
29.3572 	 244.566
29.6456 	 244.597
29.9353 	 244.631
30.2285 	 244.669
30.5233 	 244.707
30.8224 	 244.743
31.123 	 244.776
31.4277 	 244.805
31.7341 	 244.831
32.0444 	 244.855
32.3561 	 244.874
32.6718 	 244.89
32.9887 	 244.902
33.3093 	 244.909
33.6311 	 244.911
33.9563 	 244.909
34.2825 	 244.901
34.6118 	 244.888
34.9417 	 244.869
35.2746 	 244.844
35.6078 	 244.813
35.9437 	 244.775
36.2796 	 244.732
36.6176 	 244.681
36.9542 	 244.624
37.2899 	 244.558
37.625 	 244.486
37.9583 	 244.407
38.2888 	 244.32
38.6169 	 244.226
38.9436 	 244.125
39.269 	 244.017
39.5924 	 243.903
39.9122 	 243.781
40.2285 	 243.653
40.5423 	 243.518
40.8544 	 243.377
41.164 	 243.229
41.4698 	 243.074
41.7713 	 242.913
42.069 	 242.746
42.3643 	 242.573
42.6568 	 242.393
42.945 	 242.208
43.2282 	 242.016
43.5065 	 241.818
43.7811 	 241.615
44.0523 	 241.405
44.3195 	 241.19
44.5813 	 240.969
44.8378 	 240.743
45.0893 	 240.512
45.3365 	 240.275
45.5795 	 240.033
45.8174 	 239.787
46.0498 	 239.535
46.2762 	 239.279
46.498 	 239.019
46.7154 	 238.754
46.9278 	 238.485
47.1342 	 238.211
47.3345 	 237.934
47.5295 	 237.653
47.7196 	 237.368
47.9048 	 237.08
48.0847 	 236.788
48.2584 	 236.493
48.4264 	 236.195
48.5895 	 235.894
48.7477 	 235.59
48.9007 	 235.283
49.0477 	 234.974
49.189 	 234.662
49.3248 	 234.348
49.4557 	 234.032
49.5816 	 233.713
49.7022 	 233.392
49.8171 	 233.07
49.9263 	 232.745
50.0307 	 232.42
50.1302 	 232.092
50.2248 	 231.762
50.3141 	 231.431
50.3977 	 231.099
50.4756 	 230.766
50.5493 	 230.432
50.6174 	 230.096
50.6806 	 229.759
50.7381 	 229.421
50.7902 	 229.083
50.8373 	 228.744
50.8792 	 228.404
50.9162 	 228.064
50.948 	 227.722
50.974 	 227.381
50.9946 	 227.039
51.0099 	 226.697
51.0199 	 226.354
51.0246 	 226.011
51.0238 	 225.669
51.0176 	 225.326
51.0075 	 224.982
50.9959 	 224.635
50.9838 	 224.285
50.9704 	 223.932
50.9539 	 223.577
50.9358 	 223.219
50.916 	 222.859
50.8948 	 222.495
50.8724 	 222.13
50.8487 	 221.761
50.8241 	 221.391
50.7988 	 221.016
50.7729 	 220.641
50.7465 	 220.261
50.7199 	 219.88
50.693 	 219.494
50.6661 	 219.108
50.6394 	 218.717
50.6127 	 218.325
50.5865 	 217.929
50.5606 	 217.532
50.5351 	 217.13
50.5103 	 216.727
50.4861 	 216.32
50.4626 	 215.912
50.4399 	 215.5
50.4179 	 215.086
50.3966 	 214.669
50.3764 	 214.25
50.357 	 213.828
50.3386 	 213.404
50.321 	 212.976
50.3045 	 212.547
50.2889 	 212.115
50.2743 	 211.681
50.2606 	 211.244
50.248 	 210.811
50.2364 	 210.388
50.2258 	 209.974
50.2167 	 209.564
50.2086 	 209.151
50.2016 	 208.74
50.1953 	 208.336
50.19 	 207.943
50.1858 	 207.559
50.1821 	 207.184
50.179 	 206.818
50.1766 	 206.461
50.1748 	 206.107
50.1736 	 205.75
50.1733 	 205.394
50.1733 	 205.042
50.1733 	 204.7
50.169 	 204.368
50.1594 	 204.038
50.1467 	 203.706
50.1307 	 203.372
50.1128 	 203.034
50.0929 	 202.697
50.0691 	 202.361
50.0367 	 202.027
49.9977 	 201.693
49.9539 	 201.359
49.906 	 201.024
49.8551 	 200.69
49.7988 	 200.358
49.7353 	 200.029
49.6663 	 199.7
49.593 	 199.37
49.5147 	 199.041
49.4296 	 198.715
49.3389 	 198.392
49.2429 	 198.069
49.1415 	 197.747
49.0343 	 197.427
48.9212 	 197.109
48.8023 	 196.795
48.6781 	 196.482
48.5482 	 196.171
48.4126 	 195.862
48.271 	 195.556
48.1235 	 195.253
47.9705 	 194.953
47.812 	 194.656
47.6481 	 194.361
47.4788 	 194.069
47.3037 	 193.781
47.1233 	 193.497
46.9379 	 193.216
46.7472 	 192.938
46.5514 	 192.663
46.3505 	 192.392
46.1444 	 192.126
45.9335 	 191.863
45.7178 	 191.605
45.4973 	 191.349
45.2721 	 191.098
45.0421 	 190.852
44.8077 	 190.61
44.5691 	 190.373
44.326 	 190.139
44.0786 	 189.91
43.8271 	 189.685
43.5715 	 189.466
43.312 	 189.251
43.0487 	 189.041
42.7814 	 188.835
42.5103 	 188.634
42.2356 	 188.439
41.9575 	 188.249
41.6762 	 188.064
41.3916 	 187.884
41.1036 	 187.708
40.8125 	 187.538
40.5185 	 187.373
40.2215 	 187.213
39.922 	 187.059
39.6199 	 186.91
39.3152 	 186.766
39.008 	 186.627
38.6984 	 186.494
38.3868 	 186.366
38.0732 	 186.243
37.7572 	 186.125
37.4391 	 186.013
37.1193 	 185.906
36.7978 	 185.805
36.4748 	 185.709
36.1503 	 185.619
35.8241 	 185.533
35.4964 	 185.454
35.1675 	 185.38
34.8374 	 185.311
34.5066 	 185.249
34.1747 	 185.191
33.8416 	 185.139
33.5076 	 185.092
33.1729 	 185.051
32.8377 	 185.016
32.5023 	 184.986
32.1666 	 184.962
31.8302 	 184.943
31.4932 	 184.929
31.156 	 184.92
30.8189 	 184.918
30.4823 	 184.921
30.1492 	 184.926
29.8247 	 184.93
29.5088 	 184.93
29.2013 	 184.926
28.9027 	 184.917
28.6126 	 184.905
28.3311 	 184.891
28.0574 	 184.88
27.7921 	 184.872
27.535 	 184.868
27.2865 	 184.868
27.0467 	 184.871
26.8151 	 184.878
26.5917 	 184.889
26.3768 	 184.904
26.1707 	 184.924
25.9725 	 184.946
25.7816 	 184.965
25.5941 	 184.979
25.4044 	 184.99
25.2113 	 184.996
25.0171 	 184.997
24.8239 	 184.992
24.6312 	 184.981
24.439 	 184.965
24.2467 	 184.943
24.0548 	 184.917
23.8632 	 184.886
23.6723 	 184.85
23.4823 	 184.81
23.2933 	 184.765
23.1052 	 184.716
22.918 	 184.662
22.7319 	 184.605
22.5472 	 184.543
22.3639 	 184.477
22.1821 	 184.408
22.0019 	 184.334
21.8232 	 184.257
21.6463 	 184.175
21.4711 	 184.09
21.2979 	 184.001
21.1267 	 183.908
20.9575 	 183.812
20.7905 	 183.712
20.6256 	 183.608
20.4631 	 183.5
20.303 	 183.39
20.1455 	 183.275
19.9906 	 183.158
19.8383 	 183.037
19.6884 	 182.913
19.5412 	 182.785
19.3969 	 182.654
19.2551 	 182.521
19.1165 	 182.384
18.9809 	 182.244
18.8484 	 182.101
18.7191 	 181.956
18.593 	 181.807
18.4701 	 181.656
18.3502 	 181.503
18.2338 	 181.346
18.1209 	 181.187
18.0115 	 181.026
17.9057 	 180.863
17.8034 	 180.697
17.7048 	 180.529
17.6099 	 180.359
17.5187 	 180.187
17.4313 	 180.013
17.3476 	 179.837
17.2678 	 179.66
17.1918 	 179.48
17.1196 	 179.299
17.0505 	 179.115
16.9838 	 178.928
16.9212 	 178.737
16.8614 	 178.541
16.8062 	 178.343
16.7538 	 178.14
16.707 	 177.935
16.6631 	 177.725
16.6253 	 177.512
16.5911 	 177.295
16.5628 	 177.076
16.5388 	 176.852
16.5211 	 176.627
16.508 	 176.397
16.5015 	 176.166
16.4998 	 175.932
16.5051 	 175.695
16.5157 	 175.456
16.5333 	 175.215
16.5568 	 174.972
16.5874 	 174.728
16.6244 	 174.481
16.6682 	 174.234
16.7178 	 173.984
16.7743 	 173.733
16.8355 	 173.48
16.9025 	 173.226
16.974 	 172.968
17.0502 	 172.71
17.1306 	 172.449
17.2151 	 172.188
17.3029 	 171.923
17.3936 	 171.656
17.4869 	 171.387
17.5819 	 171.116
17.6787 	 170.842
17.7762 	 170.565
17.8749 	 170.285
17.9744 	 170.004
18.075 	 169.718
18.1758 	 169.431
18.2766 	 169.14
18.3771 	 168.847
18.4777 	 168.55
18.5771 	 168.25
18.6763 	 167.947
18.774 	 167.641
18.8709 	 167.331
18.9664 	 167.019
19.0605 	 166.702
19.1528 	 166.384
19.2439 	 166.06
19.3328 	 165.735
19.4202 	 165.406
19.5055 	 165.074
19.5889 	 164.738
19.6701 	 164.399
19.7497 	 164.057
19.8266 	 163.712
19.9019 	 163.363
19.9746 	 163.012
20.0459 	 162.657
20.1143 	 162.299
20.181 	 161.938
20.2457 	 161.574
20.3082 	 161.207
20.3686 	 160.837
20.4275 	 160.463
20.4844 	 160.088
20.5408 	 159.708
20.5961 	 159.327
20.6489 	 158.941
20.6993 	 158.554
20.7492 	 158.163
20.7981 	 157.77
20.846 	 157.373
20.8929 	 156.975
20.9395 	 156.573
20.9851 	 156.169
21.0304 	 155.762
21.0749 	 155.352
21.1192 	 154.94
21.1631 	 154.525
21.2072 	 154.107
21.2512 	 153.688
21.2956 	 153.265
21.3404 	 152.84
21.3858 	 152.412
21.4318 	 151.983
21.4787 	 151.55
21.5265 	 151.116
21.5753 	 150.679
21.6254 	 150.24
21.6766 	 149.798
21.7292 	 149.355
21.7833 	 148.906
21.8389 	 148.455
21.8953 	 148.002
21.9541 	 147.546
22.0156 	 147.09
22.0788 	 146.631
22.1436 	 146.171
22.2109 	 145.712
22.2798 	 145.252
22.3503 	 144.794
22.4229 	 144.335
22.4975 	 143.877
22.5744 	 143.417
22.6535 	 142.954
22.7353 	 142.486
22.8195 	 142.015
22.9064 	 141.54
22.9959 	 141.062
23.0883 	 140.58
23.1832 	 140.093
23.2808 	 139.604
23.3812 	 139.11
23.4844 	 138.613
23.5904 	 138.111
23.6993 	 137.606
23.8112 	 137.098
23.9253 	 136.585
24.041 	 136.068
24.1593 	 135.548
24.2827 	 135.024
24.41 	 134.497
24.5391 	 133.966
24.6701 	 133.433
24.805 	 132.899
24.9436 	 132.362
25.085 	 131.821
25.2297 	 131.276
25.3793 	 130.728
25.5324 	 130.176
25.6886 	 129.62
25.8495 	 129.062
26.0133 	 128.499
26.1812 	 127.933
26.3526 	 127.363
26.5277 	 126.79
26.7064 	 126.213
26.8889 	 125.633
27.0743 	 125.049
27.2621 	 124.461
27.4525 	 123.868
27.6488 	 123.274
27.8497 	 122.677
28.0534 	 122.076
28.26 	 121.47
28.4698 	 120.861
28.6856 	 120.249
28.9071 	 119.634
29.1325 	 119.015
29.3619 	 118.393
29.5973 	 117.769
29.837 	 117.141
30.0809 	 116.51
30.3301 	 115.876
30.5831 	 115.238
30.8413 	 114.598
31.1032 	 113.955
31.368 	 113.308
31.6362 	 112.657
31.9108 	 112.005
32.1908 	 111.352
32.4749 	 110.695
32.7627 	 110.035
33.0545 	 109.372
33.353 	 108.707
33.6575 	 108.042
33.9656 	 107.379
34.2775 	 106.717
34.5934 	 106.058
34.913 	 105.4
35.2361 	 104.744
35.5625 	 104.09
35.8922 	 103.436
36.2251 	 102.78
36.5637 	 102.124
36.908 	 101.468
37.256 	 100.809
37.6079 	 100.15
37.9653 	 99.4892
38.327 	 98.8274
38.694 	 98.165
39.0659 	 97.5016
39.4429 	 96.8376
39.8244 	 96.1725
40.2112 	 95.5068
40.6026 	 94.8402
40.9989 	 94.1728
41.4001 	 93.5047
41.8049 	 92.8349
42.2145 	 92.1644
42.6305 	 91.4942
43.0514 	 90.8237
43.4763 	 90.1517
43.9068 	 89.4796
44.3426 	 88.8069
44.7838 	 88.1341
45.2305 	 87.461
45.6829 	 86.788
46.1406 	 86.1148
46.6039 	 85.4416
47.0727 	 84.7683
47.547 	 84.095
48.0261 	 83.4212
48.5109 	 82.7477
49.0016 	 82.0745
49.4977 	 81.4014
49.9993 	 80.7286
50.5065 	 80.0559
51.0196 	 79.3836
51.5385 	 78.7119
52.0632 	 78.0406
52.594 	 77.3701
53.1308 	 76.7003
53.6734 	 76.0312
54.222 	 75.363
54.7767 	 74.6956
55.3369 	 74.0288
55.9032 	 73.363
56.4757 	 72.6983
57.054 	 72.0347
57.6384 	 71.3721
58.2288 	 70.7106
58.8254 	 70.0504
59.428 	 69.3915
60.0369 	 68.734
60.652 	 68.078
61.2732 	 67.4235
61.9007 	 66.7706
62.5343 	 66.1194
63.1743 	 65.4699
63.8206 	 64.8224
64.4728 	 64.177
65.1305 	 63.5346
65.7932 	 62.896
66.4606 	 62.2617
67.1323 	 61.6316
67.8082 	 61.006
68.4883 	 60.3847
69.1723 	 59.7678
69.8604 	 59.1555
70.5525 	 58.5476
71.2486 	 57.9443
71.9489 	 57.346
72.6533 	 56.7525
73.3616 	 56.1635
74.0737 	 55.5793
74.7897 	 54.9998
75.5095 	 54.425
76.233 	 53.8548
76.9599 	 53.2891
77.6903 	 52.7278
78.4241 	 52.1709
79.1611 	 51.6183
79.9015 	 51.0702
80.6452 	 50.5266
81.3924 	 49.9879
82.143 	 49.4539
82.8968 	 48.9244
83.6535 	 48.399
84.4136 	 47.8787
85.1768 	 47.3629
85.943 	 46.8515
86.712 	 46.3444
87.4838 	 45.8416
88.2584 	 45.3431
89.0358 	 44.849
89.8161 	 44.3593
90.5992 	 43.8743
91.3855 	 43.3945
92.1747 	 42.9195
92.9668 	 42.4493
93.7617 	 41.9838
94.5593 	 41.5231
95.3599 	 41.0677
96.1629 	 40.6166
96.9685 	 40.1701
97.7766 	 39.7281
98.5872 	 39.2906
99.4003 	 38.8579
100.216 	 38.43
101.034 	 38.0073
101.855 	 37.5903
102.679 	 37.1785
103.506 	 36.7721
104.335 	 36.3712
105.166 	 35.9748
106 	 35.5839
106.837 	 35.1984
107.675 	 34.8172
108.515 	 34.4408
109.358 	 34.0692
110.203 	 33.7027
111.05 	 33.3413
111.9 	 32.9859
112.752 	 32.6364
113.606 	 32.2923
114.463 	 31.9542
115.321 	 31.6222
116.182 	 31.2948
117.045 	 30.9727
117.91 	 30.6561
118.776 	 30.3442
119.644 	 30.0371
120.514 	 29.7349
121.386 	 29.438
122.259 	 29.1464
123.135 	 28.861
124.012 	 28.5815
124.892 	 28.3077
125.773 	 28.0404
126.656 	 27.7791
127.54 	 27.5229
128.426 	 27.2709
129.313 	 27.0246
130.202 	 26.7836
131.092 	 26.5469
131.983 	 26.3154
132.876 	 26.0891
133.77 	 25.8689
134.666 	 25.6552
135.563 	 25.4473
136.461 	 25.2455
137.361 	 25.0502
138.262 	 24.8611
139.163 	 24.6766
140.066 	 24.4968
140.97 	 24.3226
141.875 	 24.1531
142.781 	 23.9886
143.687 	 23.8291
144.595 	 23.6749
145.504 	 23.5271
146.413 	 23.386
147.324 	 23.2505
148.235 	 23.1216
149.147 	 22.9993
150.06 	 22.8833
150.974 	 22.7721
151.888 	 22.665
152.803 	 22.5633
153.718 	 22.4671
154.634 	 22.3754
155.551 	 22.289
156.467 	 22.2079
157.385 	 22.134
158.302 	 22.0666
159.221 	 22.0047
160.139 	 21.9499
161.058 	 21.9019
161.978 	 21.8599
162.897 	 21.8227
163.817 	 21.7893
164.736 	 21.7613
165.656 	 21.7389
166.576 	 21.7211
167.497 	 21.7084
168.417 	 21.7017
169.337 	 21.7014
170.258 	 21.7057
171.182 	 21.7125
172.109 	 21.7227
173.039 	 21.7358
173.972 	 21.7512
174.908 	 21.7689
175.846 	 21.7881
176.788 	 21.8079
177.732 	 21.8283
178.679 	 21.849
179.629 	 21.8701
180.582 	 21.8912
181.538 	 21.912
182.497 	 21.9324
183.459 	 21.9522
184.423 	 21.9713
185.39 	 21.9895
186.36 	 22.0067
187.333 	 22.0229
188.309 	 22.0379
189.287 	 22.0516
190.268 	 22.0641
191.252 	 22.0753
192.239 	 22.0852
193.227 	 22.0937
194.215 	 22.1008
195.203 	 22.1066
196.189 	 22.1112
197.176 	 22.1145
198.162 	 22.1167
199.147 	 22.1178
200.133 	 22.1178
201.121 	 22.117
202.11 	 22.1153
203.102 	 22.1129
204.096 	 22.1098
205.092 	 22.1061
206.09 	 22.102
207.09 	 22.0975
208.092 	 22.0927
209.096 	 22.0877
210.102 	 22.0825
211.11 	 22.0773
212.12 	 22.072
213.132 	 22.0668
214.146 	 22.0616
215.162 	 22.0567
216.18 	 22.0519
217.2 	 22.0473
218.222 	 22.0429
219.247 	 22.0389
220.273 	 22.0351
221.301 	 22.0316
222.331 	 22.0285
223.364 	 22.0257
224.398 	 22.0233
225.434 	 22.0212
226.473 	 22.0194
227.513 	 22.0179
228.556 	 22.0168
229.6 	 22.0159
230.647 	 22.0154
231.695 	 22.0151
232.746 	 22.0151
233.798 	 22.0153
234.853 	 22.0157
235.909 	 22.0163
236.968 	 22.0171
238.028 	 22.0181
239.091 	 22.0191
240.155 	 22.0203
241.222 	 22.0216
242.291 	 22.0229
243.361 	 22.0243
244.434 	 22.0257
245.509 	 22.0271
246.585 	 22.0285
247.664 	 22.0299
248.745 	 22.0313
249.827 	 22.0326
250.912 	 22.0339
251.999 	 22.0351
253.087 	 22.0362
254.178 	 22.0372
255.271 	 22.0382
256.365 	 22.0391
257.462 	 22.0399
258.561 	 22.0406
259.661 	 22.0412
260.764 	 22.0418
261.869 	 22.0422
262.975 	 22.0426
264.084 	 22.0428
265.194 	 22.043
266.307 	 22.0432
267.422 	 22.0432
268.538 	 22.0432
269.657 	 22.0432
270.777 	 22.0431
271.9 	 22.0429
273.025 	 22.0427
274.151 	 22.0425
275.28 	 22.0422
276.41 	 22.0419
277.543 	 22.0416
278.677 	 22.0413
279.813 	 22.041
280.952 	 22.0407
282.092 	 22.0404
283.235 	 22.04
284.379 	 22.0397
285.525 	 22.0395
286.674 	 22.0392
287.824 	 22.0389
288.976 	 22.0387
290.13 	 22.0385
291.286 	 22.0362
292.444 	 22.0278
293.603 	 22.0185
294.764 	 22.0118
295.928 	 22.0057
297.093 	 21.9983
298.26 	 21.9905
299.429 	 21.9836
300.599 	 21.9778
301.772 	 21.9729
302.947 	 21.9689
304.124 	 21.9657
305.303 	 21.9635
306.483 	 21.9622
307.666 	 21.9618
308.851 	 21.9621
310.037 	 21.9632
311.226 	 21.9649
312.416 	 21.9673
313.609 	 21.9702
314.803 	 21.9735
315.999 	 21.9772
317.198 	 21.9813
318.398 	 21.9855
319.6 	 21.9899
320.804 	 21.9944
322.01 	 21.999
323.218 	 22.0036
324.428 	 22.0081
325.64 	 22.0124
326.853 	 22.0167
328.069 	 22.0207
329.286 	 22.0245
330.506 	 22.028
331.727 	 22.0313
332.95 	 22.0343
334.175 	 22.0369
335.401 	 22.0393
336.63 	 22.0414
337.86 	 22.0431
339.093 	 22.0445
340.327 	 22.0456
341.563 	 22.0465
342.8 	 22.047
344.04 	 22.0473
345.281 	 22.0473
346.524 	 22.0472
347.769 	 22.0468
349.016 	 22.0462
350.264 	 22.0454
351.515 	 22.0445
352.767 	 22.0435
354.02 	 22.0424
355.276 	 22.0412
356.532 	 22.0399
357.788 	 22.0387
359.043 	 22.0374
360.297 	 22.0361
361.55 	 22.0348
362.803 	 22.0335
364.054 	 22.0323
365.306 	 22.0312
366.559 	 22.0301
367.813 	 22.0291
369.068 	 22.0281
370.325 	 22.0273
371.583 	 22.0265
372.842 	 22.0258
374.102 	 22.0253
375.364 	 22.0248
376.627 	 22.0244
377.891 	 22.024
379.157 	 22.0238
380.424 	 22.0236
381.692 	 22.0236
382.962 	 22.0235
384.232 	 22.0236
385.504 	 22.0237
386.778 	 22.0239
388.052 	 22.0241
389.328 	 22.0243
390.605 	 22.0246
391.883 	 22.0249
393.163 	 22.0252
394.444 	 22.0256
395.726 	 22.0259
397.009 	 22.0263
398.294 	 22.0267
399.58 	 22.027
400.867 	 22.0274
402.155 	 22.0277
403.445 	 22.0281
404.736 	 22.0284
406.028 	 22.0287
407.322 	 22.0289
408.616 	 22.0292
409.912 	 22.0294
411.21 	 22.0296
412.508 	 22.0298
413.808 	 22.0299
415.109 	 22.03
416.411 	 22.0301
417.715 	 22.0302
419.019 	 22.0302
420.325 	 22.0303
421.632 	 22.0303
422.941 	 22.0303
424.25 	 22.0302
425.561 	 22.0302
426.873 	 22.0301
428.187 	 22.0301
429.501 	 22.03
430.817 	 22.0299
432.135 	 22.0298
433.453 	 22.0297
434.773 	 22.0296
436.093 	 22.0295
437.415 	 22.0294
438.739 	 22.0293
440.063 	 22.0292
441.389 	 22.0291
442.716 	 22.029
444.044 	 22.0289
445.373 	 22.0288
446.704 	 22.0288
448.036 	 22.0287
449.369 	 22.0286
450.703 	 22.0286
452.039 	 22.0285
453.375 	 22.0285
454.713 	 22.0285
456.052 	 22.0285
457.393 	 22.0284
458.734 	 22.0284
460.077 	 22.0284
461.421 	 22.0284
462.766 	 22.0285
464.112 	 22.0285
465.46 	 22.0285
466.809 	 22.0285
468.159 	 22.0285
469.51 	 22.0286
470.862 	 22.0286
472.216 	 22.0286
