655.974 	 537.352 	 655.974 	 525.352
656.974 	 537.352 	 656.974 	 525.352
659.874 	 537.352 	 659.874 	 525.352
662.774 	 537.352 	 662.774 	 525.352
665.674 	 537.352 	 665.674 	 525.352
668.574 	 537.352 	 668.574 	 525.352
671.474 	 537.352 	 671.474 	 525.352
674.374 	 537.352 	 674.374 	 525.352
677.274 	 537.352 	 677.274 	 525.352
680.174 	 537.352 	 680.174 	 525.352
683.074 	 537.352 	 683.074 	 525.352
685.974 	 537.352 	 685.974 	 525.352
688.701 	 537.352 	 688.701 	 525.352
691.428 	 537.352 	 691.428 	 525.352
694.156 	 537.352 	 694.156 	 525.352
696.883 	 537.352 	 696.883 	 525.352
699.61 	 537.352 	 699.61 	 525.352
702.337 	 537.352 	 702.337 	 525.352
705.065 	 537.352 	 705.065 	 525.352
707.792 	 537.352 	 707.792 	 525.352
710.519 	 537.352 	 710.519 	 525.352
713.246 	 537.352 	 713.246 	 525.352
715.974 	 537.352 	 715.974 	 525.352
718.701 	 537.352 	 718.701 	 525.352
721.428 	 537.352 	 721.428 	 525.352
724.156 	 537.352 	 724.156 	 525.352
726.883 	 537.352 	 726.883 	 525.352
729.61 	 537.352 	 729.61 	 525.352
732.337 	 537.352 	 732.337 	 525.352
735.065 	 537.352 	 735.065 	 525.352
737.792 	 537.352 	 737.792 	 525.352
740.519 	 537.352 	 740.519 	 525.352
743.246 	 537.352 	 743.246 	 525.352
745.974 	 537.352 	 745.974 	 525.352
748.474 	 537.352 	 748.474 	 525.352
750.974 	 537.352 	 750.974 	 525.352
753.474 	 537.352 	 753.474 	 525.352
755.974 	 537.352 	 755.974 	 525.352
758.474 	 537.352 	 758.474 	 525.352
760.974 	 537.352 	 760.974 	 525.352
763.474 	 537.352 	 763.474 	 525.352
765.974 	 537.352 	 765.974 	 525.352
768.474 	 537.352 	 768.474 	 525.352
770.974 	 537.352 	 770.974 	 525.352
773.474 	 537.352 	 773.474 	 525.352
775.974 	 537.352 	 775.974 	 525.352
778.701 	 537.352 	 778.701 	 525.352
781.428 	 537.352 	 781.428 	 525.352
784.156 	 537.352 	 784.156 	 525.352
786.883 	 537.352 	 786.883 	 525.352
789.61 	 537.352 	 789.61 	 525.352
792.337 	 537.352 	 792.337 	 525.352
795.065 	 537.352 	 795.065 	 525.352
797.792 	 537.352 	 797.792 	 525.352
800.519 	 537.352 	 800.519 	 525.352
803.246 	 537.352 	 803.246 	 525.352
805.974 	 537.352 	 805.974 	 525.352
808.701 	 537.352 	 808.701 	 525.352
811.428 	 537.352 	 811.428 	 525.352
814.156 	 537.352 	 814.156 	 525.352
816.883 	 537.352 	 816.883 	 525.352
819.61 	 537.352 	 819.61 	 525.352
822.337 	 537.352 	 822.337 	 525.352
825.065 	 537.352 	 825.065 	 525.352
827.792 	 537.352 	 827.792 	 525.352
830.519 	 537.352 	 830.519 	 525.352
833.246 	 537.352 	 833.246 	 525.352
835.974 	 537.352 	 835.974 	 525.352
836.974 	 537.352 	 836.974 	 525.352
839.374 	 537.352 	 839.374 	 525.352
841.774 	 537.352 	 841.774 	 525.352
844.174 	 537.352 	 844.174 	 525.352
846.574 	 537.352 	 846.574 	 525.352
848.974 	 537.352 	 848.974 	 525.352
851.374 	 537.352 	 851.374 	 525.352
853.774 	 537.352 	 853.774 	 525.352
856.174 	 537.352 	 856.174 	 525.352
858.574 	 537.352 	 858.574 	 525.352
860.974 	 537.352 	 860.974 	 525.352
863.786 	 537.352 	 863.786 	 525.352
866.599 	 537.352 	 866.599 	 525.352
869.411 	 537.352 	 869.411 	 525.352
872.224 	 537.352 	 872.224 	 525.352
875.036 	 537.352 	 875.036 	 525.352
877.849 	 537.352 	 877.849 	 525.352
880.661 	 537.352 	 880.661 	 525.352
883.474 	 537.352 	 883.474 	 525.352
886.286 	 537.352 	 886.286 	 525.352
889.099 	 537.352 	 889.099 	 525.352
891.911 	 537.352 	 891.911 	 525.352
894.724 	 537.352 	 894.724 	 525.352
897.536 	 537.352 	 897.536 	 525.352
900.349 	 537.352 	 900.349 	 525.352
903.161 	 537.352 	 903.161 	 525.352
905.974 	 537.352 	 905.974 	 525.352
908.831 	 537.352 	 908.831 	 525.352
911.688 	 537.352 	 911.688 	 525.352
914.545 	 537.352 	 914.545 	 525.352
917.402 	 537.352 	 917.402 	 525.352
920.259 	 537.352 	 920.259 	 525.352
923.117 	 537.352 	 923.117 	 525.352
925.974 	 537.352 	 925.974 	 525.352
928.831 	 537.352 	 928.831 	 525.352
931.688 	 537.352 	 931.688 	 525.352
934.545 	 537.352 	 934.545 	 525.352
937.402 	 537.352 	 937.402 	 525.352
940.26 	 537.352 	 940.26 	 525.352
943.117 	 537.352 	 943.117 	 525.352
945.974 	 537.352 	 945.974 	 525.352
948.831 	 537.352 	 948.831 	 525.352
951.688 	 537.352 	 951.688 	 525.352
954.545 	 537.352 	 954.545 	 525.352
957.402 	 537.352 	 957.402 	 525.352
960.26 	 537.352 	 960.26 	 525.352
963.117 	 537.352 	 963.117 	 525.352
965.974 	 537.352 	 965.974 	 525.352
968.831 	 537.352 	 968.831 	 525.352
971.688 	 537.352 	 971.688 	 525.352
974.545 	 537.352 	 974.545 	 525.352
977.402 	 537.352 	 977.402 	 525.352
980.26 	 537.352 	 980.26 	 525.352
983.117 	 537.352 	 983.117 	 525.352
985.974 	 537.352 	 985.974 	 525.352
988.891 	 537.352 	 988.891 	 525.352
991.807 	 537.352 	 991.807 	 525.352
994.724 	 537.352 	 994.724 	 525.352
997.641 	 537.352 	 997.641 	 525.352
1000.56 	 537.352 	 1000.56 	 525.352
1003.47 	 537.352 	 1003.47 	 525.352
1006.39 	 537.352 	 1006.39 	 525.352
1009.31 	 537.352 	 1009.31 	 525.352
1012.22 	 537.352 	 1012.22 	 525.352
1015.14 	 537.352 	 1015.14 	 525.352
1018.06 	 537.352 	 1018.06 	 525.352
1020.97 	 537.352 	 1020.97 	 525.352
1023.89 	 537.352 	 1023.89 	 525.352
1026.81 	 537.352 	 1026.81 	 525.352
1029.72 	 537.352 	 1029.72 	 525.352
1032.64 	 537.352 	 1032.64 	 525.352
1035.56 	 537.352 	 1035.56 	 525.352
1038.47 	 537.352 	 1038.47 	 525.352
1041.39 	 537.352 	 1041.39 	 525.352
1044.31 	 537.352 	 1044.31 	 525.352
1047.22 	 537.352 	 1047.22 	 525.352
1050.14 	 537.352 	 1050.14 	 525.352
1053.06 	 537.352 	 1053.06 	 525.352
1055.97 	 537.352 	 1055.97 	 525.352
1057.65 	 537.411 	 1058.49 	 525.44
1059.31 	 537.586 	 1060.98 	 525.702
1060.96 	 537.877 	 1063.46 	 526.139
1062.59 	 538.282 	 1065.9 	 526.747
1064.18 	 538.799 	 1068.29 	 527.523
1065.74 	 539.427 	 1070.62 	 528.464
1067.24 	 540.161 	 1072.88 	 529.566
1068.69 	 540.999 	 1075.05 	 530.822
1070.08 	 541.936 	 1077.13 	 532.227
1071.4 	 542.967 	 1079.11 	 533.775
1072.65 	 544.088 	 1080.98 	 535.456
1073.81 	 545.293 	 1082.73 	 537.263
1074.89 	 546.576 	 1084.34 	 539.188
1075.87 	 547.931 	 1085.82 	 541.221
1076.76 	 549.352 	 1087.15 	 543.352
1077.55 	 550.831 	 1088.33 	 545.571
1078.23 	 552.362 	 1089.35 	 547.866
1078.8 	 553.936 	 1090.21 	 550.227
1079.26 	 555.546 	 1090.9 	 552.643
1079.61 	 557.185 	 1091.43 	 555.101
1080.12 	 560.057 	 1091.93 	 557.973
1080.62 	 562.929 	 1092.44 	 560.845
1081.13 	 565.802 	 1092.95 	 563.718
1081.64 	 568.674 	 1093.45 	 566.59
1082.14 	 571.546 	 1093.96 	 569.463
1082.65 	 574.419 	 1094.47 	 572.335
1083.15 	 577.291 	 1094.97 	 575.207
1083.66 	 580.163 	 1095.48 	 578.08
1084.17 	 583.036 	 1095.99 	 580.952
1084.67 	 585.908 	 1096.49 	 583.824
1085.18 	 588.781 	 1097 	 586.697
1085.69 	 591.653 	 1097.5 	 589.569
1086.12 	 594.115 	 1097.94 	 592.031
1086.56 	 596.577 	 1098.37 	 594.493
1087.1 	 599.136 	 1098.74 	 596.199
1087.84 	 601.649 	 1099.23 	 597.875
1088.75 	 604.102 	 1099.84 	 599.51
1089.84 	 606.482 	 1100.56 	 601.097
1091.1 	 608.777 	 1101.4 	 602.627
1092.52 	 610.974 	 1102.35 	 604.091
1094.1 	 613.062 	 1103.4 	 605.483
1095.82 	 615.03 	 1104.55 	 606.795
1097.69 	 616.868 	 1105.79 	 608.02
1099.68 	 618.565 	 1107.12 	 609.152
1101.79 	 620.112 	 1108.53 	 610.183
1104.01 	 621.502 	 1110.01 	 611.11
1106.62 	 622.99 	 1112.51 	 612.537
1109.24 	 624.452 	 1115.03 	 613.938
1111.88 	 625.886 	 1117.55 	 615.314
1114.53 	 627.293 	 1120.1 	 616.663
1117.2 	 628.672 	 1122.66 	 617.986
1119.88 	 630.025 	 1125.23 	 619.283
1122.57 	 631.349 	 1127.81 	 620.553
1125.28 	 632.646 	 1130.41 	 621.797
1128 	 633.915 	 1133.02 	 623.014
1130.74 	 635.156 	 1135.64 	 624.204
1133.48 	 636.369 	 1138.28 	 625.367
1136.24 	 637.554 	 1140.92 	 626.503
1139.01 	 638.71 	 1143.58 	 627.612
1141.8 	 639.838 	 1146.25 	 628.693
1144.59 	 640.937 	 1148.93 	 629.747
1147.4 	 642.007 	 1151.62 	 630.773
1150.21 	 643.049 	 1154.32 	 631.772
1153.04 	 644.061 	 1157.03 	 632.743
1155.88 	 645.044 	 1159.75 	 633.686
1158.73 	 645.999 	 1162.48 	 634.601
1161.58 	 646.924 	 1165.22 	 635.488
1164.45 	 647.819 	 1167.97 	 636.347
1167.32 	 648.685 	 1170.73 	 637.178
1170.21 	 649.522 	 1173.49 	 637.98
1173.1 	 650.329 	 1176.26 	 638.754
1176 	 651.106 	 1179.05 	 639.499
1178.91 	 651.853 	 1181.84 	 640.216
1181.82 	 652.571 	 1184.63 	 640.904
1184.75 	 653.258 	 1187.43 	 641.563
1187.68 	 653.916 	 1190.24 	 642.194
1190.61 	 654.543 	 1193.06 	 642.795
1193.56 	 655.14 	 1195.88 	 643.368
1196.51 	 655.707 	 1198.71 	 643.911
1199.46 	 656.244 	 1201.54 	 644.426
1202.42 	 656.75 	 1204.38 	 644.912
1205.38 	 657.226 	 1207.22 	 645.368
1208.35 	 657.671 	 1210.07 	 645.795
1211.33 	 658.086 	 1212.92 	 646.193
1214.31 	 658.47 	 1215.78 	 646.561
1217.29 	 658.824 	 1218.64 	 646.901
1220.27 	 659.147 	 1221.5 	 647.21
1223.26 	 659.44 	 1224.37 	 647.491
1226.25 	 659.701 	 1227.24 	 647.742
1229.25 	 659.932 	 1230.11 	 647.963
1232.24 	 660.132 	 1232.98 	 648.155
1235.24 	 660.302 	 1235.86 	 648.318
1238.24 	 660.441 	 1238.73 	 648.451
1241.24 	 660.548 	 1241.61 	 648.554
1244.24 	 660.626 	 1244.49 	 648.628
1247.25 	 660.672 	 1247.37 	 648.672
1250.25 	 660.687 	 1250.25 	 648.687
1253.25 	 660.672 	 1253.13 	 648.672
1256.25 	 660.626 	 1256.01 	 648.628
1259.25 	 660.548 	 1258.89 	 648.554
1262.26 	 660.441 	 1261.76 	 648.451
1265.26 	 660.302 	 1264.64 	 648.318
1268.25 	 660.132 	 1267.51 	 648.155
1271.25 	 659.932 	 1270.39 	 647.963
1274.24 	 659.701 	 1273.26 	 647.742
1277.23 	 659.44 	 1276.13 	 647.491
1280.22 	 659.147 	 1278.99 	 647.21
1283.21 	 658.824 	 1281.86 	 646.901
1286.19 	 658.47 	 1284.72 	 646.561
1289.17 	 658.086 	 1287.57 	 646.193
1292.14 	 657.671 	 1290.42 	 645.795
1295.11 	 657.226 	 1293.27 	 645.368
1298.08 	 656.75 	 1296.11 	 644.912
1301.04 	 656.244 	 1298.95 	 644.426
1303.46 	 655.77 	 1300.93 	 644.038
1305.86 	 655.206 	 1302.9 	 643.577
1308.24 	 654.552 	 1304.85 	 643.042
1310.6 	 653.81 	 1306.77 	 642.435
1312.92 	 652.98 	 1308.68 	 641.756
1315.21 	 652.064 	 1310.55 	 641.006
1317.47 	 651.063 	 1312.4 	 640.187
1319.69 	 649.978 	 1314.21 	 639.3
1321.86 	 648.811 	 1315.99 	 638.345
1323.99 	 647.564 	 1317.73 	 637.324
1326.07 	 646.237 	 1319.44 	 636.239
1328.1 	 644.834 	 1321.1 	 635.091
1330.08 	 643.356 	 1322.71 	 633.882
1332 	 641.805 	 1324.29 	 632.613
1334.29 	 639.863 	 1326.48 	 630.751
1336.56 	 637.898 	 1328.66 	 628.866
1338.81 	 635.91 	 1330.82 	 626.959
1341.04 	 633.898 	 1332.96 	 625.03
1343.25 	 631.864 	 1335.07 	 623.079
1345.44 	 629.807 	 1337.17 	 621.107
1347.6 	 627.728 	 1339.25 	 619.113
1349.75 	 625.626 	 1341.31 	 617.098
1351.87 	 623.503 	 1343.34 	 615.061
1353.97 	 621.358 	 1345.36 	 613.004
1356.05 	 619.192 	 1347.35 	 610.927
1358.11 	 617.004 	 1349.32 	 608.829
1360.14 	 614.795 	 1351.27 	 606.711
1362.15 	 612.566 	 1353.2 	 604.573
1364.14 	 610.316 	 1355.11 	 602.415
1366.11 	 608.046 	 1356.99 	 600.238
1368.05 	 605.755 	 1358.86 	 598.042
1369.97 	 603.445 	 1360.7 	 595.827
1371.86 	 601.116 	 1362.51 	 593.592
1373.73 	 598.767 	 1364.31 	 591.34
1375.58 	 596.398 	 1366.08 	 589.069
1377.4 	 594.011 	 1367.82 	 586.78
1379.2 	 591.606 	 1369.55 	 584.473
1380.97 	 589.182 	 1371.25 	 582.149
1382.72 	 586.74 	 1372.92 	 579.807
1384.44 	 584.281 	 1374.58 	 577.448
1386.14 	 581.803 	 1376.2 	 575.073
1387.81 	 579.309 	 1377.81 	 572.68
1389.45 	 576.797 	 1379.38 	 570.272
1391.07 	 574.269 	 1380.94 	 567.847
1392.67 	 571.724 	 1382.47 	 565.407
1394.24 	 569.163 	 1383.97 	 562.951
1395.78 	 566.586 	 1385.45 	 560.479
1397.29 	 563.993 	 1386.9 	 557.993
1398.57 	 561.681 	 1387.94 	 556.101
1399.75 	 559.32 	 1388.91 	 554.17
1400.83 	 556.914 	 1389.8 	 552.201
1401.82 	 554.466 	 1390.6 	 550.198
1402.71 	 551.981 	 1391.33 	 548.165
1403.5 	 549.462 	 1391.98 	 546.104
1404.19 	 546.913 	 1392.54 	 544.019
1404.77 	 544.339 	 1393.02 	 541.913
1405.25 	 541.744 	 1393.41 	 539.789
1405.63 	 539.132 	 1393.72 	 537.652
1405.9 	 536.506 	 1393.95 	 535.504
1406.07 	 533.872 	 1394.08 	 533.348
1406.13 	 531.233 	 1394.13 	 531.189
1406.09 	 528.594 	 1394.1 	 529.03
1405.94 	 525.958 	 1393.98 	 526.874
1405.69 	 523.331 	 1393.77 	 524.724
1405.33 	 520.716 	 1393.48 	 522.584
1404.87 	 518.117 	 1393.1 	 520.458
1404.3 	 515.539 	 1392.63 	 518.349
1403.63 	 512.986 	 1392.09 	 516.26
1402.86 	 510.461 	 1391.45 	 514.194
1401.99 	 507.969 	 1390.74 	 512.155
1401.02 	 505.514 	 1389.95 	 510.147
1399.95 	 503.1 	 1389.07 	 508.172
1398.67 	 500.385 	 1387.84 	 505.568
1397.36 	 497.684 	 1386.59 	 502.977
1396.02 	 494.996 	 1385.3 	 500.4
1394.65 	 492.322 	 1383.99 	 497.835
1393.26 	 489.662 	 1382.66 	 495.285
1391.84 	 487.016 	 1381.3 	 492.748
1390.39 	 484.386 	 1379.91 	 490.225
1388.92 	 481.77 	 1378.49 	 487.716
1387.41 	 479.169 	 1377.05 	 485.223
1385.89 	 476.584 	 1375.59 	 482.744
1384.33 	 474.015 	 1374.1 	 480.28
1382.75 	 471.462 	 1372.58 	 477.832
1381.14 	 468.926 	 1371.04 	 475.399
1379.51 	 466.406 	 1369.47 	 472.983
1377.85 	 463.903 	 1367.88 	 470.582
1376.17 	 461.417 	 1366.27 	 468.198
1374.46 	 458.948 	 1364.63 	 465.831
1372.72 	 456.497 	 1362.97 	 463.481
1370.96 	 454.064 	 1361.28 	 461.148
1369.18 	 451.65 	 1359.57 	 458.832
1367.37 	 449.253 	 1357.83 	 456.534
1365.54 	 446.876 	 1356.07 	 454.254
1363.68 	 444.517 	 1354.29 	 451.992
1361.79 	 442.178 	 1352.48 	 449.749
1359.89 	 439.858 	 1350.66 	 447.524
1357.96 	 437.558 	 1348.81 	 445.318
1356 	 435.277 	 1346.93 	 443.131
1354.03 	 433.017 	 1345.04 	 440.964
1352.03 	 430.777 	 1343.12 	 438.816
1350 	 428.558 	 1341.18 	 436.688
1347.96 	 426.36 	 1339.22 	 434.58
1345.89 	 424.183 	 1337.23 	 432.492
1343.8 	 422.027 	 1335.23 	 430.425
1341.69 	 419.893 	 1333.2 	 428.379
1339.84 	 418.119 	 1331.69 	 426.927
1337.93 	 416.417 	 1330.13 	 425.534
1335.95 	 414.791 	 1328.51 	 424.204
1333.92 	 413.242 	 1326.84 	 422.937
1331.82 	 411.774 	 1325.13 	 421.736
1329.67 	 410.389 	 1323.37 	 420.602
1327.46 	 409.087 	 1321.56 	 419.537
1325.21 	 407.873 	 1319.72 	 418.543
1322.91 	 406.746 	 1317.84 	 417.622
1320.57 	 405.709 	 1315.93 	 416.774
1318.19 	 404.764 	 1313.98 	 416
1315.78 	 403.912 	 1312 	 415.303
1313.33 	 403.154 	 1310 	 414.683
1310.86 	 402.492 	 1307.98 	 414.141
1308.37 	 401.926 	 1305.94 	 413.678
1305.85 	 401.457 	 1303.88 	 413.294
1303.32 	 401.086 	 1301.81 	 412.991
1300.77 	 400.813 	 1299.73 	 412.768
1297.84 	 400.557 	 1296.8 	 412.511
1294.91 	 400.301 	 1293.87 	 412.255
1291.98 	 400.044 	 1290.94 	 411.999
1289.05 	 399.788 	 1288.01 	 411.742
1286.12 	 399.532 	 1285.08 	 411.486
1283.19 	 399.275 	 1282.15 	 411.23
1280.26 	 399.019 	 1279.22 	 410.973
1277.33 	 398.763 	 1276.29 	 410.717
1274.4 	 398.506 	 1273.36 	 410.461
1271.47 	 398.25 	 1270.43 	 410.204
1268.54 	 397.994 	 1267.5 	 409.948
1265.61 	 397.737 	 1264.57 	 409.692
1262.68 	 397.481 	 1261.64 	 409.435
1259.75 	 397.225 	 1258.71 	 409.179
1256.82 	 396.968 	 1255.78 	 408.923
1253.89 	 396.712 	 1252.85 	 408.666
1250.96 	 396.456 	 1249.92 	 408.41
1248.03 	 396.199 	 1246.99 	 408.154
1245.1 	 395.943 	 1244.06 	 407.897
1242.17 	 395.687 	 1241.13 	 407.641
1239.24 	 395.43 	 1238.2 	 407.385
1236.31 	 395.174 	 1235.27 	 407.128
1233.38 	 394.918 	 1232.34 	 406.872
1230.45 	 394.661 	 1229.41 	 406.616
1227.52 	 394.405 	 1226.48 	 406.359
1224.59 	 394.149 	 1223.55 	 406.103
1221.66 	 393.892 	 1220.62 	 405.847
1218.73 	 393.636 	 1217.69 	 405.59
1215.8 	 393.38 	 1214.76 	 405.334
1212.87 	 393.123 	 1211.83 	 405.078
1209.94 	 392.867 	 1208.9 	 404.821
1207.01 	 392.611 	 1205.97 	 404.565
1204.08 	 392.354 	 1203.04 	 404.309
1201.15 	 392.098 	 1200.11 	 404.052
1198.38 	 391.856 	 1197.34 	 403.81
1195.62 	 391.614 	 1194.57 	 403.568
1192.85 	 391.372 	 1191.8 	 403.326
1190.08 	 391.129 	 1189.04 	 403.084
1187.32 	 390.887 	 1186.27 	 402.842
1184.55 	 390.645 	 1183.5 	 402.6
1181.78 	 390.403 	 1180.74 	 402.358
1179.01 	 390.161 	 1177.97 	 402.115
1176.25 	 389.919 	 1175.2 	 401.873
1173.48 	 389.677 	 1172.43 	 401.631
1170.71 	 389.435 	 1169.67 	 401.389
1167.95 	 389.193 	 1166.9 	 401.147
1165.18 	 388.951 	 1164.13 	 400.905
1162.41 	 388.709 	 1161.36 	 400.663
1159.64 	 388.466 	 1158.6 	 400.421
1156.88 	 388.224 	 1155.83 	 400.179
1154.11 	 387.982 	 1153.06 	 399.937
1151.34 	 387.74 	 1150.3 	 399.694
1148.41 	 387.484 	 1147.37 	 399.438
1145.48 	 387.227 	 1144.44 	 399.182
1142.55 	 386.971 	 1141.51 	 398.925
1139.62 	 386.715 	 1138.58 	 398.669
1136.69 	 386.458 	 1135.65 	 398.413
1133.76 	 386.202 	 1132.72 	 398.156
1130.83 	 385.946 	 1129.79 	 397.9
1127.9 	 385.689 	 1126.86 	 397.644
1124.97 	 385.433 	 1123.93 	 397.387
1122.04 	 385.177 	 1121 	 397.131
1119.11 	 384.92 	 1118.07 	 396.875
1116.18 	 384.664 	 1115.14 	 396.618
1113.25 	 384.408 	 1112.21 	 396.362
1110.32 	 384.151 	 1109.28 	 396.106
1107.39 	 383.895 	 1106.35 	 395.849
1104.46 	 383.639 	 1103.42 	 395.593
1101.53 	 383.382 	 1100.49 	 395.337
1098.6 	 383.126 	 1097.56 	 395.08
1095.67 	 382.87 	 1094.63 	 394.824
1092.74 	 382.613 	 1091.7 	 394.568
1089.81 	 382.357 	 1088.77 	 394.311
1086.88 	 382.101 	 1085.84 	 394.055
1083.95 	 381.844 	 1082.91 	 393.799
1081.02 	 381.588 	 1079.98 	 393.542
1078.09 	 381.332 	 1077.05 	 393.286
1075.16 	 381.075 	 1074.12 	 393.03
1072.23 	 380.819 	 1071.19 	 392.773
1069.3 	 380.563 	 1068.26 	 392.517
1066.37 	 380.306 	 1065.33 	 392.261
1063.44 	 380.05 	 1062.4 	 392.004
1060.51 	 379.794 	 1059.47 	 391.748
1057.58 	 379.537 	 1056.54 	 391.492
1054.65 	 379.281 	 1053.61 	 391.235
1051.72 	 379.025 	 1050.68 	 390.979
1049.31 	 378.774 	 1047.88 	 390.688
1046.92 	 378.445 	 1045.09 	 390.305
1044.53 	 378.037 	 1042.32 	 389.832
1042.16 	 377.552 	 1039.56 	 389.268
1039.8 	 376.989 	 1036.82 	 388.614
1037.46 	 376.35 	 1034.11 	 387.87
1035.15 	 375.634 	 1031.42 	 387.039
1032.86 	 374.843 	 1028.76 	 386.12
1030.6 	 373.978 	 1026.13 	 385.114
1028.37 	 373.039 	 1023.54 	 384.023
1026.17 	 372.028 	 1020.98 	 382.848
1024 	 370.945 	 1018.46 	 381.589
1021.87 	 369.792 	 1015.99 	 380.249
1019.78 	 368.57 	 1013.56 	 378.829
1017.73 	 367.28 	 1011.18 	 377.329
1015.73 	 365.923 	 1008.84 	 375.753
1013.37 	 364.118 	 1005.66 	 373.31
1011.19 	 362.114 	 1002.7 	 370.599
1009.18 	 359.927 	 999.991 	 367.64
1007.38 	 357.574 	 997.548 	 364.457
1005.78 	 355.072 	 995.392 	 361.072
1004.41 	 352.441 	 993.539 	 357.513
1003.28 	 349.701 	 992.003 	 353.805
1002.39 	 346.872 	 990.797 	 349.978
1001.61 	 344.358 	 990.281 	 348.302
1000.66 	 341.907 	 989.645 	 346.668
999.529 	 339.532 	 988.891 	 345.084
998.227 	 337.246 	 988.023 	 343.56
996.762 	 335.061 	 987.046 	 342.104
995.141 	 332.989 	 985.966 	 340.723
993.374 	 331.041 	 984.787 	 339.424
991.469 	 329.227 	 983.517 	 338.215
989.436 	 327.557 	 982.162 	 337.101
987.287 	 326.04 	 980.73 	 336.09
985.033 	 324.684 	 979.227 	 335.186
982.686 	 323.496 	 977.662 	 334.394
980.259 	 322.483 	 976.044 	 333.719
977.764 	 321.65 	 974.381 	 333.163
975.214 	 321.001 	 972.681 	 332.73
972.625 	 320.54 	 970.955 	 332.423
969.874 	 320.153 	 968.204 	 332.036
967.123 	 319.767 	 965.453 	 331.65
964.372 	 319.38 	 962.702 	 331.263
961.622 	 318.993 	 959.952 	 330.877
958.871 	 318.607 	 957.201 	 330.49
956.12 	 318.22 	 954.45 	 330.104
953.369 	 317.834 	 951.699 	 329.717
950.619 	 317.447 	 948.949 	 329.33
947.868 	 317.061 	 946.198 	 328.944
945.117 	 316.674 	 943.447 	 328.557
942.366 	 316.287 	 940.696 	 328.171
939.616 	 315.901 	 937.946 	 327.784
936.865 	 315.514 	 935.195 	 327.397
934.114 	 315.128 	 932.444 	 327.011
931.363 	 314.741 	 929.693 	 326.624
928.613 	 314.354 	 926.943 	 326.238
925.862 	 313.968 	 924.192 	 325.851
923.111 	 313.581 	 921.441 	 325.464
920.415 	 313.202 	 918.745 	 325.086
917.72 	 312.823 	 916.05 	 324.707
915.024 	 312.445 	 913.354 	 324.328
912.328 	 312.066 	 910.658 	 323.949
909.633 	 311.687 	 907.962 	 323.57
906.937 	 311.308 	 905.267 	 323.191
904.241 	 310.929 	 902.571 	 322.812
901.545 	 310.55 	 899.875 	 322.433
898.85 	 310.171 	 897.18 	 322.055
896.154 	 309.793 	 894.484 	 321.676
893.458 	 309.414 	 891.788 	 321.297
890.762 	 309.035 	 889.092 	 320.918
888.067 	 308.656 	 886.397 	 320.539
885.371 	 308.277 	 883.701 	 320.16
882.675 	 307.898 	 881.005 	 319.781
879.979 	 307.519 	 878.309 	 319.403
877.284 	 307.141 	 875.614 	 319.024
874.588 	 306.762 	 872.918 	 318.645
873.598 	 306.622 	 871.928 	 318.506
870.847 	 306.236 	 869.177 	 318.119
868.096 	 305.849 	 866.426 	 317.732
865.346 	 305.463 	 863.675 	 317.346
862.595 	 305.076 	 860.925 	 316.959
859.844 	 304.69 	 858.174 	 316.573
857.093 	 304.303 	 855.423 	 316.186
854.343 	 303.916 	 852.672 	 315.799
851.592 	 303.53 	 849.922 	 315.413
848.841 	 303.143 	 847.171 	 315.026
846.09 	 302.757 	 844.42 	 314.64
843.34 	 302.37 	 841.669 	 314.253
840.589 	 301.983 	 838.919 	 313.867
837.838 	 301.597 	 836.168 	 313.48
835.087 	 301.21 	 833.417 	 313.093
832.337 	 300.824 	 830.667 	 312.707
829.586 	 300.437 	 827.916 	 312.32
826.835 	 300.05 	 825.165 	 311.934
824.084 	 299.664 	 822.414 	 311.547
821.334 	 299.277 	 819.663 	 311.16
818.583 	 298.891 	 816.913 	 310.774
815.832 	 298.504 	 814.162 	 310.387
813.081 	 298.117 	 811.411 	 310.001
810.331 	 297.731 	 808.661 	 309.614
807.58 	 297.344 	 805.91 	 309.227
804.829 	 296.958 	 803.159 	 308.841
802.078 	 296.571 	 800.408 	 308.454
799.328 	 296.184 	 797.657 	 308.068
796.577 	 295.798 	 794.907 	 307.681
793.826 	 295.411 	 792.156 	 307.294
791.075 	 295.025 	 789.405 	 306.908
788.325 	 294.638 	 786.655 	 306.521
785.574 	 294.251 	 783.904 	 306.135
782.823 	 293.865 	 781.153 	 305.748
780.072 	 293.478 	 778.402 	 305.361
777.322 	 293.092 	 775.652 	 304.975
774.571 	 292.705 	 772.901 	 304.588
771.82 	 292.318 	 770.15 	 304.202
769.069 	 291.932 	 767.399 	 303.815
766.319 	 291.545 	 764.649 	 303.428
763.568 	 291.159 	 761.898 	 303.042
760.817 	 290.772 	 759.147 	 302.655
758.066 	 290.385 	 756.396 	 302.269
755.316 	 289.999 	 753.646 	 301.882
752.565 	 289.612 	 750.895 	 301.495
749.814 	 289.226 	 748.144 	 301.109
747.063 	 288.839 	 745.393 	 300.722
744.313 	 288.452 	 742.643 	 300.336
741.562 	 288.066 	 739.892 	 299.949
738.811 	 287.679 	 737.141 	 299.562
736.06 	 287.293 	 734.39 	 299.176
733.31 	 286.906 	 731.64 	 298.789
730.559 	 286.519 	 728.889 	 298.403
727.808 	 286.133 	 726.138 	 298.016
725.058 	 285.746 	 723.388 	 297.629
722.186 	 285.332 	 720.429 	 297.203
719.318 	 284.896 	 717.473 	 296.754
716.453 	 284.44 	 714.521 	 296.283
713.592 	 283.962 	 711.572 	 295.791
710.734 	 283.464 	 708.627 	 295.277
707.88 	 282.944 	 705.686 	 294.742
705.029 	 282.403 	 702.749 	 294.185
702.183 	 281.841 	 699.817 	 293.606
699.341 	 281.259 	 696.888 	 293.005
696.504 	 280.655 	 693.964 	 292.383
693.671 	 280.031 	 691.045 	 291.74
690.842 	 279.386 	 688.13 	 291.075
688.019 	 278.719 	 685.221 	 290.389
685.2 	 278.033 	 682.316 	 289.681
682.387 	 277.325 	 679.417 	 288.952
679.579 	 276.597 	 676.523 	 288.201
676.776 	 275.848 	 673.635 	 287.43
673.979 	 275.078 	 670.753 	 286.637
671.187 	 274.288 	 667.877 	 285.822
668.402 	 273.478 	 665.006 	 284.987
665.622 	 272.646 	 662.142 	 284.131
662.849 	 271.795 	 659.284 	 283.253
660.082 	 270.923 	 656.433 	 282.355
657.322 	 270.03 	 653.589 	 281.435
654.568 	 269.118 	 650.751 	 280.495
651.821 	 268.185 	 647.92 	 279.533
649.081 	 267.232 	 645.097 	 278.551
646.348 	 266.259 	 642.281 	 277.548
643.622 	 265.265 	 639.472 	 276.525
640.904 	 264.252 	 636.671 	 275.48
638.193 	 263.219 	 633.878 	 274.416
635.49 	 262.165 	 631.092 	 273.33
632.795 	 261.092 	 628.315 	 272.224
630.108 	 259.999 	 625.546 	 271.098
627.429 	 258.886 	 622.785 	 269.952
624.758 	 257.754 	 620.033 	 268.785
622.095 	 256.602 	 617.289 	 267.597
619.441 	 255.43 	 614.554 	 266.39
616.796 	 254.239 	 611.829 	 265.163
614.16 	 253.028 	 609.112 	 263.915
611.532 	 251.798 	 606.404 	 262.648
608.914 	 250.549 	 603.706 	 261.36
606.305 	 249.281 	 601.018 	 260.053
603.705 	 247.993 	 598.339 	 258.726
601.115 	 246.686 	 595.67 	 257.38
598.535 	 245.36 	 593.011 	 256.013
595.964 	 244.015 	 590.362 	 254.628
593.404 	 242.652 	 587.724 	 253.222
590.853 	 241.269 	 585.096 	 251.798
588.313 	 239.868 	 582.478 	 250.354
585.783 	 238.448 	 579.871 	 248.891
583.264 	 237.01 	 577.275 	 247.408
580.755 	 235.553 	 574.69 	 245.907
578.258 	 234.077 	 572.117 	 244.387
575.771 	 232.583 	 569.554 	 242.847
573.295 	 231.071 	 567.003 	 241.289
570.83 	 229.541 	 564.463 	 239.712
568.377 	 227.993 	 561.935 	 238.117
565.935 	 226.426 	 559.419 	 236.503
563.505 	 224.842 	 556.914 	 234.87
561.086 	 223.24 	 554.422 	 233.219
558.68 	 221.62 	 551.942 	 231.55
556.285 	 219.982 	 549.475 	 229.862
553.903 	 218.327 	 547.02 	 228.157
551.493 	 216.64 	 544.61 	 226.47
549.084 	 214.953 	 542.201 	 224.783
546.675 	 213.266 	 539.792 	 223.096
544.265 	 211.579 	 537.383 	 221.409
541.856 	 209.892 	 534.973 	 219.722
539.447 	 208.205 	 532.564 	 218.035
537.038 	 206.518 	 530.155 	 216.348
534.628 	 204.831 	 527.745 	 214.661
532.219 	 203.144 	 525.336 	 212.974
529.81 	 201.457 	 522.927 	 211.287
527.401 	 199.77 	 520.518 	 209.6
524.991 	 198.083 	 518.108 	 207.913
522.582 	 196.396 	 515.699 	 206.226
520.173 	 194.709 	 513.29 	 204.539
517.763 	 193.022 	 510.881 	 202.852
515.354 	 191.335 	 508.471 	 201.165
512.945 	 189.648 	 506.062 	 199.478
510.536 	 187.961 	 503.653 	 197.791
508.126 	 186.274 	 501.243 	 196.104
505.717 	 184.587 	 498.834 	 194.417
503.308 	 182.9 	 496.425 	 192.73
500.899 	 181.213 	 494.016 	 191.043
498.489 	 179.526 	 491.606 	 189.356
496.08 	 177.839 	 489.197 	 187.669
493.671 	 176.152 	 486.788 	 185.982
491.261 	 174.465 	 484.379 	 184.295
488.852 	 172.778 	 481.969 	 182.608
486.443 	 171.091 	 479.56 	 180.921
484.034 	 169.404 	 477.151 	 179.234
481.624 	 167.717 	 474.742 	 177.547
479.215 	 166.03 	 472.332 	 175.86
476.806 	 164.343 	 469.923 	 174.173
474.397 	 162.656 	 467.514 	 172.486
471.987 	 160.969 	 465.104 	 170.799
469.712 	 159.376 	 462.829 	 169.206
467.436 	 157.783 	 460.554 	 167.613
465.161 	 156.19 	 458.278 	 166.019
462.886 	 154.596 	 456.003 	 164.426
460.61 	 153.003 	 453.727 	 162.833
458.335 	 151.41 	 451.452 	 161.24
456.059 	 149.817 	 449.176 	 159.646
453.784 	 148.223 	 446.901 	 158.053
451.509 	 146.63 	 444.626 	 156.46
449.233 	 145.037 	 442.35 	 154.867
446.958 	 143.444 	 440.075 	 153.273
444.682 	 141.85 	 437.799 	 151.68
442.407 	 140.257 	 435.524 	 150.087
440.131 	 138.664 	 433.249 	 148.494
437.856 	 137.07 	 430.973 	 146.9
435.581 	 135.477 	 428.698 	 145.307
433.305 	 133.884 	 426.422 	 143.714
431.03 	 132.291 	 424.147 	 142.121
428.754 	 130.697 	 421.871 	 140.527
426.479 	 129.104 	 419.596 	 138.934
424.203 	 127.511 	 417.321 	 137.341
421.928 	 125.918 	 415.045 	 135.747
419.653 	 124.324 	 412.77 	 134.154
417.377 	 122.731 	 410.494 	 132.561
415.102 	 121.138 	 408.219 	 130.968
412.826 	 119.545 	 405.943 	 129.374
410.551 	 117.951 	 403.668 	 127.781
408.276 	 116.358 	 401.393 	 126.188
406 	 114.765 	 399.117 	 124.595
403.725 	 113.172 	 396.842 	 123.001
401.449 	 111.578 	 394.566 	 121.408
399.174 	 109.985 	 392.291 	 119.815
396.898 	 108.392 	 390.016 	 118.222
394.623 	 106.799 	 387.74 	 116.628
392.348 	 105.205 	 385.465 	 115.035
390.072 	 103.612 	 383.189 	 113.442
387.663 	 101.925 	 380.78 	 111.755
385.254 	 100.238 	 378.371 	 110.068
382.844 	 98.5511 	 375.961 	 108.381
380.435 	 96.8641 	 373.552 	 106.694
378.026 	 95.1771 	 371.143 	 105.007
375.617 	 93.4901 	 368.734 	 103.32
373.207 	 91.8031 	 366.324 	 101.633
370.798 	 90.1161 	 363.915 	 99.946
368.389 	 88.4292 	 361.506 	 98.259
365.979 	 86.7422 	 359.097 	 96.572
363.57 	 85.0552 	 356.687 	 94.885
361.161 	 83.3682 	 354.278 	 93.1981
358.752 	 81.6812 	 351.869 	 91.5111
356.342 	 79.9943 	 349.459 	 89.8241
353.933 	 78.3073 	 347.05 	 88.1371
351.524 	 76.6203 	 344.641 	 86.4501
349.115 	 74.9333 	 342.232 	 84.7632
346.705 	 73.2463 	 339.822 	 83.0762
344.296 	 71.5594 	 337.413 	 81.3892
341.887 	 69.8724 	 335.004 	 79.7022
339.477 	 68.1854 	 332.595 	 78.0152
337.068 	 66.4984 	 330.185 	 76.3282
334.659 	 64.8114 	 327.776 	 74.6413
332.25 	 63.1245 	 325.367 	 72.9543
329.84 	 61.4375 	 322.957 	 71.2673
327.431 	 59.7505 	 320.548 	 69.5803
325.022 	 58.0635 	 318.139 	 67.8933
322.613 	 56.3765 	 315.73 	 66.2064
320.203 	 54.6895 	 313.32 	 64.5194
317.794 	 53.0026 	 310.911 	 62.8324
315.385 	 51.3156 	 308.502 	 61.1454
312.975 	 49.6286 	 306.093 	 59.4584
310.566 	 47.9416 	 303.683 	 57.7715
308.157 	 46.2546 	 301.274 	 56.0845
305.194 	 44.2182 	 298.484 	 54.1666
302.698 	 42.5609 	 296.133 	 52.6059
300.178 	 40.9401 	 293.76 	 51.0795
297.635 	 39.3561 	 291.365 	 49.5878
295.069 	 37.8092 	 288.948 	 48.131
292.481 	 36.2998 	 286.511 	 46.7096
289.871 	 34.8283 	 284.053 	 45.3237
287.24 	 33.3948 	 281.576 	 43.9738
284.588 	 31.9998 	 279.078 	 42.66
281.917 	 30.6435 	 276.563 	 41.3827
279.226 	 29.3261 	 274.028 	 40.1421
276.516 	 28.0481 	 271.476 	 38.9385
273.788 	 26.8096 	 268.907 	 37.7721
270.491 	 25.376 	 265.802 	 36.422
267.775 	 24.2459 	 263.244 	 35.3578
265.043 	 23.1548 	 260.672 	 34.3302
262.296 	 22.1028 	 258.085 	 33.3395
259.534 	 21.0901 	 255.484 	 32.3858
256.758 	 20.117 	 252.869 	 31.4694
253.968 	 19.1836 	 250.242 	 30.5903
251.166 	 18.2901 	 247.603 	 29.7489
248.351 	 17.4367 	 244.952 	 28.9453
245.524 	 16.6237 	 242.289 	 28.1796
242.685 	 15.8511 	 239.616 	 27.452
239.836 	 15.119 	 236.933 	 26.7626
236.977 	 14.4278 	 234.24 	 26.1116
234.108 	 13.7774 	 231.539 	 25.4991
231.23 	 13.1681 	 228.828 	 24.9253
228.344 	 12.6 	 226.11 	 24.3902
225.45 	 12.0731 	 223.385 	 23.8941
222.549 	 11.5876 	 220.652 	 23.4368
219.641 	 11.1435 	 217.914 	 23.0187
216.727 	 10.7411 	 215.17 	 22.6396
213.807 	 10.3802 	 212.42 	 22.2998
210.883 	 10.0612 	 209.666 	 21.9993
207.954 	 9.78386 	 206.908 	 21.7382
204.968 	 9.54444 	 204.096 	 21.5127
201.978 	 9.34849 	 201.28 	 21.3282
198.986 	 9.19604 	 198.462 	 21.1846
195.992 	 9.08712 	 195.643 	 21.082
192.996 	 9.02176 	 192.822 	 21.0205
190 	 8.99997 	 190 	 21
187.004 	 9.02176 	 187.179 	 21.0205
184.009 	 9.08712 	 184.358 	 21.082
181.015 	 9.19603 	 181.538 	 21.1846
178.022 	 9.34848 	 178.72 	 21.3282
175.033 	 9.54444 	 175.905 	 21.5127
172.046 	 9.78385 	 173.092 	 21.7382
169.063 	 10.0667 	 170.283 	 22.0045
166.085 	 10.3929 	 167.478 	 22.3117
163.112 	 10.7623 	 164.678 	 22.6597
160.144 	 11.175 	 161.883 	 23.0483
157.183 	 11.6308 	 159.095 	 23.4775
154.229 	 12.1295 	 156.313 	 23.9472
151.282 	 12.6713 	 153.537 	 24.4574
148.343 	 13.2558 	 150.77 	 25.0079
145.414 	 13.883 	 148.011 	 25.5985
142.493 	 14.5527 	 145.261 	 26.2292
139.583 	 15.2648 	 142.52 	 26.8999
136.684 	 16.0192 	 139.789 	 27.6103
133.795 	 16.8157 	 137.069 	 28.3604
130.919 	 17.6541 	 134.36 	 29.1499
128.055 	 18.5342 	 131.663 	 29.9788
125.204 	 19.4559 	 128.979 	 30.8468
122.367 	 20.419 	 126.307 	 31.7538
119.544 	 21.4232 	 123.648 	 32.6995
116.736 	 22.4684 	 121.004 	 33.6838
113.944 	 23.5543 	 118.374 	 34.7065
111.167 	 24.6807 	 115.76 	 35.7672
108.408 	 25.8473 	 113.161 	 36.8659
105.665 	 27.054 	 110.578 	 38.0023
102.941 	 28.3004 	 108.012 	 39.1761
100.235 	 29.5864 	 105.464 	 40.3872
97.5476 	 30.9115 	 102.933 	 41.6351
94.88 	 32.2756 	 100.421 	 42.9197
92.2325 	 33.6783 	 97.9277 	 44.2408
89.6058 	 35.1194 	 95.454 	 45.5979
87.0002 	 36.5986 	 93.0002 	 46.9909
84.3627 	 38.156 	 90.5656 	 48.4286
81.7563 	 39.765 	 88.1597 	 49.9137
79.182 	 41.4248 	 85.7834 	 51.4459
76.6408 	 43.1348 	 83.4377 	 53.0244
74.1337 	 44.8944 	 81.1234 	 54.6486
71.6615 	 46.7029 	 78.8414 	 56.318
69.2254 	 48.5596 	 76.5927 	 58.0318
66.8261 	 50.4637 	 74.378 	 59.7895
64.4648 	 52.4146 	 72.1983 	 61.5903
62.1422 	 54.4115 	 70.0543 	 63.4336
59.8592 	 56.4536 	 67.947 	 65.3186
57.6168 	 58.5401 	 65.8771 	 67.2446
55.4158 	 60.6702 	 63.8454 	 69.2109
53.257 	 62.8432 	 61.8526 	 71.2167
51.1413 	 65.0581 	 59.8997 	 73.2612
49.0695 	 67.3141 	 57.9872 	 75.3437
47.0424 	 69.6104 	 56.1161 	 77.4633
45.0608 	 71.946 	 54.2868 	 79.6193
43.1254 	 74.3201 	 52.5003 	 81.8107
41.237 	 76.7317 	 50.7572 	 84.0369
39.3963 	 79.1799 	 49.0581 	 86.2968
37.604 	 81.6638 	 47.4037 	 88.5896
35.8608 	 84.1824 	 45.7946 	 90.9144
34.1674 	 86.7348 	 44.2315 	 93.2704
32.5245 	 89.3199 	 42.7149 	 95.6567
30.9327 	 91.9367 	 41.2455 	 98.0722
29.3925 	 94.5843 	 39.8238 	 100.516
27.9046 	 97.2617 	 38.4504 	 102.988
26.4695 	 99.9677 	 37.1257 	 105.485
25.0879 	 102.701 	 35.8504 	 108.009
23.7602 	 105.462 	 34.6248 	 110.557
22.4869 	 108.247 	 33.4495 	 113.128
21.2686 	 111.058 	 32.3249 	 115.722
20.1058 	 113.891 	 31.2515 	 118.338
18.9987 	 116.747 	 30.2296 	 120.974
17.9479 	 119.625 	 29.2596 	 123.63
16.9539 	 122.522 	 28.342 	 126.305
16.0169 	 125.438 	 27.4771 	 128.996
15.1373 	 128.372 	 26.6652 	 131.705
14.3156 	 131.323 	 25.9067 	 134.428
13.5519 	 134.289 	 25.2017 	 137.167
12.8465 	 137.27 	 24.5507 	 139.918
12.1999 	 140.264 	 23.9538 	 142.682
11.6122 	 143.27 	 23.4113 	 145.457
11.0836 	 146.287 	 22.9233 	 148.241
10.6144 	 149.314 	 22.4902 	 151.035
10.2046 	 152.349 	 22.1119 	 153.837
9.85454 	 155.392 	 21.7888 	 156.646
9.56429 	 158.441 	 21.5209 	 159.461
9.33399 	 161.496 	 21.3083 	 162.28
9.16367 	 164.554 	 21.1511 	 165.103
9.05343 	 167.615 	 21.0493 	 167.929
9.00331 	 170.677 	 21.0031 	 170.756
9.01336 	 173.74 	 21.0123 	 173.583
9.08352 	 176.803 	 21.0771 	 176.41
9.21378 	 179.863 	 21.1973 	 179.235
9.40411 	 182.92 	 21.373 	 182.057
9.65442 	 185.973 	 21.6041 	 184.875
9.96461 	 189.02 	 21.8904 	 187.688
10.3346 	 192.06 	 22.2319 	 190.494
10.7642 	 195.093 	 22.6285 	 193.294
11.2533 	 198.117 	 23.08 	 196.085
11.8016 	 201.13 	 23.5861 	 198.866
12.409 	 204.133 	 24.1468 	 201.638
13.0752 	 207.122 	 24.7618 	 204.397
13.8 	 210.098 	 25.4308 	 207.145
14.5831 	 213.06 	 26.1536 	 209.878
15.4242 	 216.005 	 26.93 	 212.597
16.3229 	 218.933 	 27.7596 	 215.3
17.2789 	 221.843 	 28.6421 	 217.986
18.2919 	 224.734 	 29.5772 	 220.654
19.3615 	 227.604 	 30.5645 	 223.303
20.4872 	 230.452 	 31.6036 	 225.933
21.6686 	 233.278 	 32.6941 	 228.542
22.9053 	 236.081 	 33.8356 	 231.128
24.1968 	 238.858 	 35.0278 	 233.692
25.5425 	 241.61 	 36.27 	 236.232
26.942 	 244.334 	 37.5618 	 238.747
28.3947 	 247.031 	 38.9028 	 241.236
29.9 	 249.698 	 40.2924 	 243.698
31.4226 	 252.252 	 41.6426 	 245.963
33.0162 	 254.762 	 43.0557 	 248.189
34.6796 	 257.227 	 44.5308 	 250.374
36.4114 	 259.643 	 46.0665 	 252.518
38.2103 	 262.011 	 47.6618 	 254.617
40.0749 	 264.326 	 49.3153 	 256.67
42.0037 	 266.589 	 51.0258 	 258.677
43.9952 	 268.797 	 52.7919 	 260.635
46.0479 	 270.948 	 54.6121 	 262.542
48.1601 	 273.04 	 56.4852 	 264.398
50.3301 	 275.073 	 58.4096 	 266.2
52.5562 	 277.043 	 60.3837 	 267.948
54.8368 	 278.951 	 62.4061 	 269.639
57.17 	 280.794 	 64.4751 	 271.274
59.5539 	 282.571 	 66.5892 	 272.849
61.9868 	 284.28 	 68.7466 	 274.365
64.4666 	 285.92 	 70.9457 	 275.819
66.9914 	 287.49 	 73.1847 	 277.212
69.5593 	 288.989 	 75.4619 	 278.541
72.1682 	 290.415 	 77.7755 	 279.805
74.8161 	 291.767 	 80.1236 	 281.005
77.5009 	 293.044 	 82.5044 	 282.137
80.2204 	 294.246 	 84.9161 	 283.203
82.9725 	 295.371 	 87.3567 	 284.201
85.7552 	 296.418 	 89.8243 	 285.129
88.5661 	 297.387 	 92.317 	 285.989
91.4031 	 298.277 	 94.8328 	 286.777
94.2639 	 299.087 	 97.3697 	 287.496
98.5187 	 300.077 	 100.851 	 288.306
102.83 	 300.784 	 104.378 	 288.884
107.178 	 301.204 	 107.936 	 289.228
111.545 	 301.335 	 111.508 	 289.335
115.91 	 301.178 	 115.08 	 289.206
120.256 	 300.731 	 118.636 	 288.841
124.563 	 299.999 	 122.16 	 288.242
128.811 	 298.983 	 125.636 	 287.41
132.984 	 297.688 	 129.05 	 286.351
137.061 	 296.12 	 132.386 	 285.068
141.026 	 294.286 	 135.63 	 283.567
144.861 	 292.193 	 138.767 	 281.855
148.549 	 289.851 	 141.784 	 279.939
152.073 	 287.271 	 144.668 	 277.828
155.42 	 284.463 	 147.407 	 275.531
158.573 	 281.44 	 149.987 	 273.057
161.52 	 278.214 	 152.397 	 270.418
164.247 	 274.801 	 154.628 	 267.626
166.741 	 271.215 	 156.67 	 264.692
168.994 	 267.472 	 158.512 	 261.629
170.993 	 263.588 	 160.148 	 258.451
172.732 	 259.58 	 161.571 	 255.172
174.201 	 255.466 	 162.773 	 251.806
175.395 	 251.264 	 163.75 	 248.368
176.309 	 246.992 	 164.497 	 244.873
176.937 	 242.669 	 165.012 	 241.336
177.279 	 238.314 	 165.291 	 237.772
177.331 	 233.945 	 165.334 	 234.198
177.095 	 229.583 	 165.141 	 230.629
176.946 	 226.184 	 164.946 	 226.184
177.095 	 222.785 	 165.141 	 221.739
177.539 	 219.412 	 165.721 	 217.328
178.275 	 216.09 	 166.684 	 212.984
179.298 	 212.845 	 168.022 	 208.741
180.6 	 209.702 	 169.725 	 204.631
182.171 	 206.684 	 171.779 	 200.684
184 	 203.815 	 174.17 	 196.932
186.071 	 201.115 	 176.878 	 193.402
188.369 	 198.607 	 179.884 	 190.122
190.878 	 196.308 	 183.164 	 187.116
193.577 	 194.237 	 186.694 	 184.407
196.446 	 192.409 	 190.446 	 182.017
199.464 	 190.838 	 194.393 	 179.963
202.608 	 189.536 	 198.503 	 178.26
205.853 	 188.513 	 202.747 	 176.922
207.948 	 187.971 	 205.045 	 176.328
210.58 	 187.345 	 207.931 	 175.641
213.224 	 186.777 	 210.832 	 175.018
215.881 	 186.267 	 213.746 	 174.458
218.548 	 185.815 	 216.671 	 173.962
221.225 	 185.421 	 219.606 	 173.53
223.909 	 185.085 	 222.55 	 173.162
226.6 	 184.808 	 225.502 	 172.858
229.296 	 184.59 	 228.459 	 172.619
231.997 	 184.431 	 231.421 	 172.445
234.7 	 184.33 	 234.386 	 172.335
237.405 	 184.289 	 237.353 	 172.289
240.11 	 184.307 	 240.32 	 172.309
242.274 	 184.363 	 242.692 	 172.371
245.111 	 184.495 	 245.804 	 172.515
247.945 	 184.692 	 248.912 	 172.731
250.773 	 184.953 	 252.014 	 173.018
253.595 	 185.279 	 255.109 	 173.375
256.408 	 185.67 	 258.195 	 173.804
259.212 	 186.125 	 261.27 	 174.303
262.005 	 186.644 	 264.333 	 174.872
264.785 	 187.227 	 267.382 	 175.512
267.55 	 187.874 	 270.415 	 176.221
270.301 	 188.583 	 273.432 	 176.999
273.034 	 189.356 	 276.43 	 177.846
275.749 	 190.191 	 279.408 	 178.762
278.444 	 191.088 	 282.364 	 179.746
281.118 	 192.046 	 285.296 	 180.797
283.769 	 193.065 	 288.204 	 181.915
286.397 	 194.145 	 291.085 	 183.099
288.998 	 195.285 	 293.939 	 184.349
291.573 	 196.484 	 296.763 	 185.664
294.12 	 197.742 	 299.557 	 187.044
296.638 	 199.057 	 302.318 	 188.487
299.124 	 200.431 	 305.045 	 189.993
301.579 	 201.86 	 307.737 	 191.561
304 	 203.346 	 310.392 	 193.19
306.386 	 204.886 	 313.009 	 194.88
308.737 	 206.481 	 315.587 	 196.629
311.05 	 208.129 	 318.125 	 198.436
313.325 	 209.83 	 320.62 	 200.302
315.56 	 211.582 	 323.072 	 202.224
317.755 	 213.385 	 325.479 	 204.201
319.908 	 215.238 	 327.84 	 206.234
322.018 	 217.14 	 330.154 	 208.319
324.084 	 219.09 	 332.42 	 210.458
326.104 	 221.086 	 334.636 	 212.647
328.078 	 223.128 	 336.801 	 214.887
330.005 	 225.215 	 338.914 	 217.176
331.884 	 227.346 	 340.975 	 219.513
333.713 	 229.519 	 342.981 	 221.896
335.492 	 231.733 	 344.932 	 224.325
337.22 	 233.987 	 346.828 	 226.797
338.896 	 236.281 	 348.666 	 229.312
340.519 	 238.612 	 350.446 	 231.869
342.088 	 240.98 	 352.166 	 234.466
343.603 	 243.383 	 353.827 	 237.102
345.061 	 245.82 	 355.428 	 239.775
346.464 	 248.29 	 356.966 	 242.484
347.81 	 250.791 	 358.442 	 245.227
349.098 	 253.323 	 359.855 	 248.004
350.328 	 255.883 	 361.204 	 250.812
351.447 	 258.378 	 362.466 	 253.625
352.494 	 260.904 	 363.646 	 256.474
353.466 	 263.46 	 364.743 	 259.355
354.364 	 266.042 	 365.755 	 262.268
355.186 	 268.65 	 366.682 	 265.208
355.932 	 271.281 	 367.523 	 268.175
356.601 	 273.932 	 368.278 	 271.164
357.193 	 276.601 	 368.945 	 274.175
357.707 	 279.287 	 369.525 	 277.203
358.143 	 281.986 	 370.016 	 280.247
358.499 	 284.697 	 370.418 	 283.304
358.777 	 287.417 	 370.732 	 286.371
358.976 	 290.144 	 370.956 	 289.446
359.095 	 292.876 	 371.09 	 292.527
359.135 	 295.61 	 371.135 	 295.61
359.095 	 298.344 	 371.09 	 298.693
358.976 	 301.075 	 370.956 	 301.773
358.777 	 303.802 	 370.732 	 304.848
358.499 	 306.522 	 370.418 	 307.915
358.143 	 309.233 	 370.016 	 310.972
357.707 	 311.932 	 369.525 	 314.016
357.193 	 314.618 	 368.945 	 317.045
356.601 	 317.287 	 368.278 	 320.055
355.932 	 319.939 	 367.523 	 323.044
355.186 	 322.569 	 366.682 	 326.011
354.364 	 325.177 	 365.755 	 328.951
353.466 	 327.759 	 364.742 	 331.864
352.494 	 330.315 	 363.646 	 334.745
351.447 	 332.841 	 362.466 	 337.594
350.328 	 335.336 	 361.204 	 340.407
349.136 	 337.797 	 359.86 	 343.182
347.874 	 340.222 	 358.436 	 345.917
346.541 	 342.61 	 356.934 	 348.61
345.14 	 344.957 	 355.353 	 351.257
343.671 	 347.263 	 353.697 	 353.858
342.135 	 349.526 	 351.965 	 356.409
340.465 	 351.874 	 350.191 	 358.902
338.76 	 354.197 	 348.381 	 361.369
337.021 	 356.494 	 346.534 	 363.808
335.247 	 358.766 	 344.651 	 366.22
333.441 	 361.011 	 342.733 	 368.604
331.601 	 363.228 	 340.779 	 370.959
329.728 	 365.419 	 338.79 	 373.285
327.823 	 367.581 	 336.767 	 375.58
325.886 	 369.714 	 334.711 	 377.846
323.918 	 371.819 	 332.621 	 380.081
321.918 	 373.894 	 330.497 	 382.284
319.888 	 375.939 	 328.342 	 384.456
317.828 	 377.954 	 326.154 	 386.595
315.738 	 379.938 	 323.935 	 388.702
313.619 	 381.891 	 321.685 	 390.775
311.471 	 383.812 	 319.404 	 392.815
309.295 	 385.7 	 317.093 	 394.821
307.091 	 387.557 	 314.753 	 396.792
304.859 	 389.38 	 312.384 	 398.728
302.601 	 391.17 	 309.986 	 400.629
300.317 	 392.927 	 307.56 	 402.494
298.006 	 394.649 	 305.107 	 404.323
295.671 	 396.337 	 302.627 	 406.115
293.31 	 397.989 	 300.12 	 407.87
290.926 	 399.607 	 297.588 	 409.588
288.517 	 401.189 	 295.03 	 411.268
286.085 	 402.735 	 292.448 	 412.909
283.631 	 404.245 	 289.842 	 414.512
281.154 	 405.718 	 287.212 	 416.077
278.656 	 407.154 	 284.559 	 417.602
276.137 	 408.553 	 281.884 	 419.087
273.597 	 409.914 	 279.187 	 420.533
271.037 	 411.238 	 276.469 	 421.938
268.458 	 412.523 	 273.73 	 423.303
265.86 	 413.77 	 270.972 	 424.627
263.244 	 414.978 	 268.194 	 425.91
260.61 	 416.147 	 265.397 	 427.151
257.959 	 417.277 	 262.582 	 428.351
255.292 	 418.367 	 259.75 	 429.509
252.609 	 419.418 	 256.901 	 430.624
249.91 	 420.429 	 254.035 	 431.697
247.197 	 421.399 	 251.154 	 432.728
244.469 	 422.329 	 248.258 	 433.715
241.728 	 423.219 	 245.348 	 434.66
238.975 	 424.067 	 242.423 	 435.561
236.209 	 424.875 	 239.486 	 436.419
233.431 	 425.641 	 236.537 	 437.233
230.642 	 426.367 	 233.575 	 438.003
227.842 	 427.05 	 230.603 	 438.728
225.033 	 427.692 	 227.62 	 439.41
222.215 	 428.292 	 224.627 	 440.047
219.388 	 428.851 	 221.625 	 440.64
216.553 	 429.367 	 218.615 	 441.188
213.71 	 429.841 	 215.596 	 441.692
210.861 	 430.272 	 212.571 	 442.15
208.006 	 430.662 	 209.539 	 442.564
205.145 	 431.009 	 206.502 	 442.932
202.28 	 431.313 	 203.459 	 443.255
199.41 	 431.575 	 200.412 	 443.533
196.537 	 431.794 	 197.361 	 443.766
193.661 	 431.971 	 194.307 	 443.953
190.782 	 432.104 	 191.25 	 444.095
187.902 	 432.195 	 188.192 	 444.192
185.021 	 432.243 	 185.132 	 444.243
182.139 	 432.249 	 182.072 	 444.249
179.258 	 432.211 	 179.013 	 444.209
176.377 	 432.131 	 175.954 	 444.124
173.498 	 432.008 	 172.897 	 443.993
170.621 	 431.842 	 169.842 	 443.817
167.747 	 431.634 	 166.79 	 443.596
164.877 	 431.383 	 163.742 	 443.329
162.01 	 431.089 	 160.698 	 443.017
159.148 	 430.753 	 157.659 	 442.66
156.292 	 430.374 	 154.626 	 442.258
153.441 	 429.953 	 151.599 	 441.811
150.597 	 429.489 	 148.579 	 441.318
147.76 	 428.984 	 145.566 	 440.781
144.931 	 428.436 	 142.562 	 440.2
142.11 	 427.846 	 139.567 	 439.574
139.298 	 427.215 	 136.582 	 438.903
136.497 	 426.541 	 133.606 	 438.188
133.705 	 425.827 	 130.642 	 437.429
130.924 	 425.071 	 127.69 	 436.626
128.155 	 424.273 	 124.749 	 435.78
125.398 	 423.435 	 121.822 	 434.889
122.654 	 422.556 	 118.908 	 433.956
119.923 	 421.636 	 116.008 	 432.979
117.206 	 420.675 	 113.123 	 431.959
114.504 	 419.675 	 110.254 	 430.897
111.817 	 418.634 	 107.4 	 429.792
109.146 	 417.553 	 104.564 	 428.644
106.491 	 416.433 	 101.744 	 427.455
103.852 	 415.274 	 98.9431 	 426.224
101.232 	 414.076 	 96.1604 	 424.951
98.6338 	 412.923 	 93.9726 	 423.981
95.9946 	 411.868 	 91.7501 	 423.092
93.3178 	 410.913 	 89.496 	 422.288
90.6071 	 410.058 	 87.2133 	 421.568
87.8663 	 409.305 	 84.9053 	 420.934
85.0994 	 408.656 	 82.5752 	 420.387
82.3101 	 408.11 	 80.2263 	 419.927
79.5023 	 407.669 	 77.8618 	 419.556
76.6799 	 407.333 	 75.4852 	 419.273
73.8471 	 407.103 	 73.0996 	 419.079
71.0075 	 406.979 	 70.7084 	 418.975
68.1654 	 406.961 	 68.315 	 418.96
65.3245 	 407.05 	 65.9227 	 419.035
62.489 	 407.244 	 63.5349 	 419.199
59.995 	 407.551 	 61.8722 	 419.403
57.5284 	 408.03 	 60.2278 	 419.722
55.1012 	 408.68 	 58.6097 	 420.156
52.7254 	 409.498 	 57.0258 	 420.701
50.4123 	 410.48 	 55.4838 	 421.356
48.1735 	 411.621 	 53.9912 	 422.117
46.0196 	 412.915 	 52.5553 	 422.979
43.9613 	 414.357 	 51.1831 	 423.94
42.0085 	 415.938 	 49.8812 	 424.994
40.1708 	 417.652 	 48.6561 	 426.137
37.9284 	 420.209 	 47.4486 	 427.514
36.0389 	 423.036 	 46.4312 	 429.036
34.5347 	 426.087 	 45.6213 	 430.679
33.4415 	 429.307 	 45.0327 	 432.413
32.6886 	 432.417 	 44.4166 	 434.957
32.0873 	 435.559 	 43.9246 	 437.528
31.6389 	 438.727 	 43.5578 	 440.12
31.3446 	 441.913 	 43.317 	 442.727
31.2051 	 445.109 	 43.2028 	 445.342
31.2206 	 448.309 	 43.2155 	 447.96
31.3912 	 451.504 	 43.3551 	 450.574
31.7164 	 454.687 	 43.6211 	 453.178
32.1954 	 457.85 	 44.0131 	 455.766
32.8272 	 460.986 	 44.53 	 458.332
33.6103 	 464.089 	 45.1707 	 460.87
34.5427 	 467.149 	 45.9336 	 463.375
35.6224 	 470.161 	 46.817 	 465.839
36.8468 	 473.117 	 47.8188 	 468.257
38.213 	 476.01 	 48.9366 	 470.624
39.7178 	 478.833 	 50.1678 	 472.934
41.3577 	 481.581 	 51.5095 	 475.182
43.1288 	 484.245 	 52.9586 	 477.362
44.722 	 486.521 	 54.5518 	 479.638
46.3153 	 488.796 	 56.1451 	 481.913
47.9086 	 491.071 	 57.7383 	 484.188
49.5018 	 493.347 	 59.3316 	 486.464
51.0951 	 495.622 	 60.9249 	 488.739
52.6884 	 497.898 	 62.5181 	 491.015
54.2816 	 500.173 	 64.1114 	 493.29
55.8749 	 502.448 	 65.7047 	 495.566
57.4681 	 504.724 	 67.2979 	 497.841
59.0614 	 506.999 	 68.8912 	 500.116
60.6547 	 509.275 	 70.4844 	 502.392
62.2479 	 511.55 	 72.0777 	 504.667
63.8412 	 513.826 	 73.671 	 506.943
65.4344 	 516.101 	 75.2642 	 509.218
67.0277 	 518.376 	 76.8575 	 511.493
68.621 	 520.652 	 78.4507 	 513.769
70.2142 	 522.927 	 80.044 	 516.044
71.8075 	 525.203 	 81.6373 	 518.32
73.3667 	 527.349 	 82.9503 	 520.127
75 	 529.439 	 84.3257 	 521.887
76.7051 	 531.471 	 85.7616 	 523.599
78.4802 	 533.443 	 87.2564 	 525.259
80.323 	 535.351 	 88.8082 	 526.866
82.2312 	 537.194 	 90.4152 	 528.417
84.2026 	 538.969 	 92.0753 	 529.912
86.2347 	 540.674 	 93.7866 	 531.348
88.3252 	 542.307 	 95.5469 	 532.723
90.4713 	 543.866 	 97.3542 	 534.036
92.6705 	 545.35 	 99.2062 	 535.286
94.9202 	 546.755 	 101.101 	 536.469
97.2176 	 548.082 	 103.035 	 537.586
99.5599 	 549.327 	 105.008 	 538.635
101.944 	 550.49 	 107.016 	 539.614
104.368 	 551.569 	 109.056 	 540.523
106.827 	 552.563 	 111.128 	 541.36
109.32 	 553.47 	 113.227 	 542.124
111.843 	 554.29 	 115.351 	 542.814
114.393 	 555.021 	 117.499 	 543.43
116.967 	 555.663 	 119.666 	 543.97
119.562 	 556.214 	 121.851 	 544.435
122.174 	 556.675 	 124.051 	 544.823
124.801 	 557.044 	 126.264 	 545.134
127.439 	 557.321 	 128.485 	 545.367
130.086 	 557.506 	 130.714 	 545.523
132.737 	 557.599 	 132.946 	 545.601
135.39 	 557.599 	 135.18 	 545.601
138.041 	 557.506 	 137.413 	 545.523
140.687 	 557.321 	 139.641 	 545.367
143.325 	 557.044 	 141.863 	 545.133
145.952 	 556.675 	 144.075 	 544.823
148.565 	 556.214 	 146.275 	 544.435
151.159 	 555.663 	 148.46 	 543.97
153.733 	 555.021 	 150.628 	 543.43
156.283 	 554.29 	 152.775 	 542.814
158.806 	 553.47 	 154.899 	 542.124
161.299 	 552.563 	 156.999 	 541.36
163.759 	 551.569 	 159.07 	 540.523
166.182 	 550.49 	 161.111 	 539.614
168.826 	 549.257 	 163.754 	 538.381
171.469 	 548.024 	 166.397 	 537.149
174.112 	 546.792 	 169.041 	 535.916
176.756 	 545.559 	 171.684 	 534.684
179.399 	 544.327 	 174.328 	 533.451
182.042 	 543.094 	 176.971 	 532.218
184.686 	 541.861 	 179.614 	 530.986
187.329 	 540.629 	 182.258 	 529.753
189.973 	 539.396 	 184.901 	 528.52
192.616 	 538.163 	 187.545 	 527.288
195.259 	 536.931 	 190.188 	 526.055
197.903 	 535.698 	 192.831 	 524.822
200.546 	 534.465 	 195.475 	 523.59
203.19 	 533.233 	 198.118 	 522.357
205.833 	 532 	 200.761 	 521.124
208.476 	 530.767 	 203.405 	 519.892
211.12 	 529.535 	 206.048 	 518.659
213.763 	 528.302 	 208.692 	 517.426
216.407 	 527.069 	 211.335 	 516.194
219.05 	 525.837 	 213.978 	 514.961
221.693 	 524.604 	 216.622 	 513.728
224.337 	 523.371 	 219.265 	 512.496
226.98 	 522.139 	 221.909 	 511.263
229.623 	 520.906 	 224.552 	 510.03
232.267 	 519.674 	 227.195 	 508.798
234.91 	 518.441 	 229.839 	 507.565
237.554 	 517.208 	 232.482 	 506.333
240.197 	 515.976 	 235.126 	 505.1
242.84 	 514.743 	 237.769 	 503.867
245.484 	 513.51 	 240.412 	 502.635
248.127 	 512.278 	 243.056 	 501.402
250.771 	 511.045 	 245.699 	 500.169
253.414 	 509.812 	 248.342 	 498.937
256.057 	 508.58 	 250.986 	 497.704
258.701 	 507.347 	 253.629 	 496.471
261.344 	 506.114 	 256.273 	 495.239
263.987 	 504.882 	 258.916 	 494.006
266.631 	 503.649 	 261.559 	 492.773
269.274 	 502.416 	 264.203 	 491.541
271.918 	 501.184 	 266.846 	 490.308
274.561 	 499.951 	 269.49 	 489.075
277.204 	 498.718 	 272.133 	 487.843
279.848 	 497.486 	 274.776 	 486.61
282.491 	 496.253 	 277.42 	 485.378
285.135 	 495.021 	 280.063 	 484.145
287.778 	 493.788 	 282.706 	 482.912
290.421 	 492.555 	 285.35 	 481.68
293.065 	 491.323 	 287.993 	 480.447
295.538 	 490.332 	 291.703 	 478.962
298.106 	 489.622 	 295.555 	 477.897
300.737 	 489.201 	 299.501 	 477.265
303.398 	 489.075 	 303.493 	 477.075
306.057 	 489.244 	 307.481 	 477.328
308.681 	 489.706 	 311.417 	 478.022
311.237 	 490.457 	 315.252 	 479.148
313.694 	 491.486 	 318.938 	 480.692
316.022 	 492.781 	 322.43 	 482.635
318.193 	 494.327 	 325.685 	 484.953
320.178 	 496.103 	 328.663 	 487.618
322.097 	 498.022 	 330.583 	 489.537
324.016 	 499.941 	 332.502 	 491.456
325.935 	 501.86 	 334.421 	 493.375
327.854 	 503.78 	 336.34 	 495.294
329.773 	 505.699 	 338.259 	 497.213
331.693 	 507.618 	 340.178 	 499.132
333.612 	 509.537 	 342.097 	 501.051
335.531 	 511.456 	 344.016 	 502.97
337.45 	 513.375 	 345.935 	 504.889
339.369 	 515.294 	 347.854 	 506.809
341.288 	 517.213 	 349.773 	 508.728
343.207 	 519.132 	 351.692 	 510.647
345.126 	 521.051 	 353.611 	 512.566
347.045 	 522.97 	 355.53 	 514.485
348.964 	 524.889 	 357.449 	 516.404
350.883 	 526.808 	 359.368 	 518.323
353.893 	 529.498 	 361.375 	 520.116
357.186 	 531.834 	 363.57 	 521.674
360.719 	 533.787 	 365.926 	 522.976
364.449 	 535.332 	 368.412 	 524.005
368.328 	 536.45 	 370.998 	 524.75
372.308 	 537.126 	 373.652 	 525.201
376.339 	 537.352 	 376.339 	 525.352
379.24 	 537.352 	 379.24 	 525.352
382.142 	 537.352 	 382.142 	 525.352
385.043 	 537.352 	 385.043 	 525.352
387.944 	 537.352 	 387.944 	 525.352
390.846 	 537.352 	 390.846 	 525.352
393.747 	 537.352 	 393.747 	 525.352
396.649 	 537.352 	 396.649 	 525.352
399.55 	 537.352 	 399.55 	 525.352
402.451 	 537.352 	 402.451 	 525.352
405.353 	 537.352 	 405.353 	 525.352
408.254 	 537.352 	 408.254 	 525.352
411.155 	 537.352 	 411.155 	 525.352
414.057 	 537.352 	 414.057 	 525.352
416.958 	 537.352 	 416.958 	 525.352
419.86 	 537.352 	 419.86 	 525.352
422.761 	 537.352 	 422.761 	 525.352
425.662 	 537.352 	 425.662 	 525.352
428.564 	 537.352 	 428.564 	 525.352
431.465 	 537.352 	 431.465 	 525.352
434.367 	 537.352 	 434.367 	 525.352
437.268 	 537.352 	 437.268 	 525.352
440.169 	 537.352 	 440.169 	 525.352
443.071 	 537.352 	 443.071 	 525.352
445.972 	 537.352 	 445.972 	 525.352
448.699 	 537.352 	 448.699 	 525.352
451.427 	 537.352 	 451.427 	 525.352
454.154 	 537.352 	 454.154 	 525.352
456.881 	 537.352 	 456.881 	 525.352
459.608 	 537.352 	 459.608 	 525.352
462.336 	 537.352 	 462.336 	 525.352
465.063 	 537.352 	 465.063 	 525.352
467.79 	 537.352 	 467.79 	 525.352
470.517 	 537.352 	 470.517 	 525.352
473.245 	 537.352 	 473.245 	 525.352
475.972 	 537.352 	 475.972 	 525.352
478.699 	 537.352 	 478.699 	 525.352
481.427 	 537.352 	 481.427 	 525.352
484.154 	 537.352 	 484.154 	 525.352
486.881 	 537.352 	 486.881 	 525.352
489.608 	 537.352 	 489.608 	 525.352
492.336 	 537.352 	 492.336 	 525.352
495.063 	 537.352 	 495.063 	 525.352
497.79 	 537.352 	 497.79 	 525.352
500.517 	 537.352 	 500.517 	 525.352
503.245 	 537.352 	 503.245 	 525.352
505.972 	 537.352 	 505.972 	 525.352
508.872 	 537.352 	 508.872 	 525.352
511.772 	 537.352 	 511.772 	 525.352
514.672 	 537.352 	 514.672 	 525.352
517.572 	 537.352 	 517.572 	 525.352
520.472 	 537.352 	 520.472 	 525.352
523.372 	 537.352 	 523.372 	 525.352
526.272 	 537.352 	 526.272 	 525.352
529.172 	 537.352 	 529.172 	 525.352
532.072 	 537.352 	 532.072 	 525.352
534.972 	 537.352 	 534.972 	 525.352
535.972 	 537.352 	 535.972 	 525.352
538.699 	 537.352 	 538.699 	 525.352
541.427 	 537.352 	 541.427 	 525.352
544.154 	 537.352 	 544.154 	 525.352
546.881 	 537.352 	 546.881 	 525.352
549.608 	 537.352 	 549.608 	 525.352
552.336 	 537.352 	 552.336 	 525.352
555.063 	 537.352 	 555.063 	 525.352
557.79 	 537.352 	 557.79 	 525.352
560.517 	 537.352 	 560.517 	 525.352
563.245 	 537.352 	 563.245 	 525.352
565.972 	 537.352 	 565.972 	 525.352
568.699 	 537.352 	 568.699 	 525.352
571.427 	 537.352 	 571.427 	 525.352
574.154 	 537.352 	 574.154 	 525.352
576.881 	 537.352 	 576.881 	 525.352
579.608 	 537.352 	 579.608 	 525.352
582.336 	 537.352 	 582.336 	 525.352
585.063 	 537.352 	 585.063 	 525.352
587.79 	 537.352 	 587.79 	 525.352
590.517 	 537.352 	 590.517 	 525.352
593.245 	 537.352 	 593.245 	 525.352
595.972 	 537.352 	 595.972 	 525.352
598.699 	 537.352 	 598.699 	 525.352
601.427 	 537.352 	 601.427 	 525.352
604.154 	 537.352 	 604.154 	 525.352
606.881 	 537.352 	 606.881 	 525.352
609.608 	 537.352 	 609.608 	 525.352
612.336 	 537.352 	 612.336 	 525.352
615.063 	 537.352 	 615.063 	 525.352
617.79 	 537.352 	 617.79 	 525.352
620.517 	 537.352 	 620.517 	 525.352
623.245 	 537.352 	 623.245 	 525.352
625.972 	 537.352 	 625.972 	 525.352
628.699 	 537.352 	 628.699 	 525.352
631.427 	 537.352 	 631.427 	 525.352
634.154 	 537.352 	 634.154 	 525.352
636.881 	 537.352 	 636.881 	 525.352
639.608 	 537.352 	 639.608 	 525.352
642.336 	 537.352 	 642.336 	 525.352
645.063 	 537.352 	 645.063 	 525.352
647.79 	 537.352 	 647.79 	 525.352
650.517 	 537.352 	 650.517 	 525.352
653.245 	 537.352 	 653.245 	 525.352
